fips,County,Last_Update,Confirmed,Deaths,Recovered,Active,Date
13121,Fulton,3/22/20 23:45,111,2,0,0,2020-03-22
13067,Cobb,3/22/20 23:45,67,2,0,0,2020-03-22
13015,Bartow,3/22/20 23:45,56,1,0,0,2020-03-22
13089,DeKalb,3/22/20 23:45,53,0,0,0,2020-03-22
13095,Dougherty,3/22/20 23:45,52,6,0,0,2020-03-22
0,Unassigned,3/22/20 23:45,36,10,0,0,2020-03-22
13135,Gwinnett,3/22/20 23:45,27,1,0,0,2020-03-22
13057,Cherokee,3/22/20 23:45,18,0,0,0,2020-03-22
13177,Lee,3/22/20 23:45,16,0,0,0,2020-03-22
13045,Carroll,3/22/20 23:45,16,0,0,0,2020-03-22
13063,Clayton,3/22/20 23:45,13,0,0,0,2020-03-22
13245,Richmond,3/22/20 23:45,10,0,0,0,2020-03-22
13115,Floyd,3/22/20 23:45,9,1,0,0,2020-03-22
13113,Fayette,3/22/20 23:45,9,1,0,0,2020-03-22
13059,Clarke,3/22/20 23:45,9,0,0,0,2020-03-22
13139,Hall,3/22/20 23:45,9,0,0,0,2020-03-22
13185,Lowndes,3/22/20 23:45,8,0,0,0,2020-03-22
13077,Coweta,3/22/20 23:45,8,0,0,0,2020-03-22
13151,Henry,3/22/20 23:45,7,0,0,0,2020-03-22
13233,Polk,3/22/20 23:45,4,0,0,0,2020-03-22
13129,Gordon,3/22/20 23:45,4,0,0,0,2020-03-22
13217,Newton,3/22/20 23:45,4,0,0,0,2020-03-22
13285,Troup,3/22/20 23:45,4,0,0,0,2020-03-22
13117,Forsyth,3/22/20 23:45,4,0,0,0,2020-03-22
13223,Paulding,3/22/20 23:45,4,0,0,0,2020-03-22
13051,Chatham,3/22/20 23:45,4,0,0,0,2020-03-22
13097,Douglas,3/22/20 23:45,4,0,0,0,2020-03-22
13073,Columbia,3/22/20 23:45,3,0,0,0,2020-03-22
13127,Glynn,3/22/20 23:45,3,0,0,0,2020-03-22
13225,Peach,3/22/20 23:45,3,0,0,0,2020-03-22
13171,Lamar,3/22/20 23:45,3,0,0,0,2020-03-22
13313,Whitfield,3/22/20 23:45,2,0,0,0,2020-03-22
13247,Rockdale,3/22/20 23:45,2,0,0,0,2020-03-22
13099,Early,3/22/20 23:45,2,1,0,0,2020-03-22
13175,Laurens,3/22/20 23:45,2,0,0,0,2020-03-22
13215,Muscogee,3/22/20 23:45,2,0,0,0,2020-03-22
13103,Effingham,3/22/20 23:45,2,0,0,0,2020-03-22
13277,Tift,3/22/20 23:45,2,0,0,0,2020-03-22
13255,Spalding,3/22/20 23:45,2,0,0,0,2020-03-22
13321,Worth,3/22/20 23:45,2,0,0,0,2020-03-22
13227,Pickens,3/22/20 23:45,2,0,0,0,2020-03-22
13261,Sumter,3/22/20 23:45,2,0,0,0,2020-03-22
13273,Terrell,3/22/20 23:45,2,0,0,0,2020-03-22
13009,Baldwin,3/22/20 23:45,2,0,0,0,2020-03-22
13049,Charlton,3/22/20 23:45,1,0,0,0,2020-03-22
13153,Houston,3/22/20 23:45,1,0,0,0,2020-03-22
13013,Barrow,3/22/20 23:45,1,0,0,0,2020-03-22
13219,Oconee,3/22/20 23:45,1,0,0,0,2020-03-22
13287,Turner,3/22/20 23:45,1,0,0,0,2020-03-22
13021,Bibb,3/22/20 23:45,1,0,0,0,2020-03-22
13201,Miller,3/22/20 23:45,1,0,0,0,2020-03-22
13149,Heard,3/22/20 23:45,1,0,0,0,2020-03-22
13085,Dawson,3/22/20 23:45,1,0,0,0,2020-03-22
13207,Monroe,3/22/20 23:45,1,0,0,0,2020-03-22
13243,Randolph,3/22/20 23:45,1,0,0,0,2020-03-22
13065,Clinch,3/22/20 23:45,1,0,0,0,2020-03-22
13181,Lincoln,3/22/20 23:45,1,0,0,0,2020-03-22
13187,Lumpkin,3/22/20 23:45,1,0,0,0,2020-03-22
13035,Butts,3/22/20 23:45,1,0,0,0,2020-03-22
13055,Chattooga,3/22/20 23:45,1,0,0,0,2020-03-22
13289,Twiggs,3/22/20 23:45,1,0,0,0,2020-03-22
13001,Appling,3/22/20 23:45,0,0,0,0,2020-03-22
13003,Atkinson,3/22/20 23:45,0,0,0,0,2020-03-22
13005,Bacon,3/22/20 23:45,0,0,0,0,2020-03-22
13007,Baker,3/22/20 23:45,0,0,0,0,2020-03-22
13011,Banks,3/22/20 23:45,0,0,0,0,2020-03-22
13017,Ben Hill,3/22/20 23:45,0,0,0,0,2020-03-22
13019,Berrien,3/22/20 23:45,0,0,0,0,2020-03-22
13023,Bleckley,3/22/20 23:45,0,0,0,0,2020-03-22
13025,Brantley,3/22/20 23:45,0,0,0,0,2020-03-22
13027,Brooks,3/22/20 23:45,0,0,0,0,2020-03-22
13029,Bryan,3/22/20 23:45,0,0,0,0,2020-03-22
13031,Bulloch,3/22/20 23:45,0,0,0,0,2020-03-22
13033,Burke,3/22/20 23:45,0,0,0,0,2020-03-22
13037,Calhoun,3/22/20 23:45,0,0,0,0,2020-03-22
13039,Camden,3/22/20 23:45,0,0,0,0,2020-03-22
13043,Candler,3/22/20 23:45,0,0,0,0,2020-03-22
13047,Catoosa,3/22/20 23:45,0,0,0,0,2020-03-22
13053,Chattahoochee,3/22/20 23:45,0,0,0,0,2020-03-22
13061,Clay,3/22/20 23:45,0,0,0,0,2020-03-22
13069,Coffee,3/22/20 23:45,0,0,0,0,2020-03-22
13071,Colquitt,3/22/20 23:45,0,0,0,0,2020-03-22
13075,Cook,3/22/20 23:45,0,0,0,0,2020-03-22
13079,Crawford,3/22/20 23:45,0,0,0,0,2020-03-22
13081,Crisp,3/22/20 23:45,0,0,0,0,2020-03-22
13083,Dade,3/22/20 23:45,0,0,0,0,2020-03-22
13087,Decatur,3/22/20 23:45,0,0,0,0,2020-03-22
13091,Dodge,3/22/20 23:45,0,0,0,0,2020-03-22
13093,Dooly,3/22/20 23:45,0,0,0,0,2020-03-22
13101,Echols,3/22/20 23:45,0,0,0,0,2020-03-22
13105,Elbert,3/22/20 23:45,0,0,0,0,2020-03-22
13107,Emanuel,3/22/20 23:45,0,0,0,0,2020-03-22
13109,Evans,3/22/20 23:45,0,0,0,0,2020-03-22
13111,Fannin,3/22/20 23:45,0,0,0,0,2020-03-22
13119,Franklin,3/22/20 23:45,0,0,0,0,2020-03-22
13123,Gilmer,3/22/20 23:45,0,0,0,0,2020-03-22
13125,Glascock,3/22/20 23:45,0,0,0,0,2020-03-22
13131,Grady,3/22/20 23:45,0,0,0,0,2020-03-22
13133,Greene,3/22/20 23:45,0,0,0,0,2020-03-22
13137,Habersham,3/22/20 23:45,0,0,0,0,2020-03-22
13141,Hancock,3/22/20 23:45,0,0,0,0,2020-03-22
13143,Haralson,3/22/20 23:45,0,0,0,0,2020-03-22
13145,Harris,3/22/20 23:45,0,0,0,0,2020-03-22
13147,Hart,3/22/20 23:45,0,0,0,0,2020-03-22
13155,Irwin,3/22/20 23:45,0,0,0,0,2020-03-22
13157,Jackson,3/22/20 23:45,0,0,0,0,2020-03-22
13159,Jasper,3/22/20 23:45,0,0,0,0,2020-03-22
13161,Jeff Davis,3/22/20 23:45,0,0,0,0,2020-03-22
13163,Jefferson,3/22/20 23:45,0,0,0,0,2020-03-22
13165,Jenkins,3/22/20 23:45,0,0,0,0,2020-03-22
13167,Johnson,3/22/20 23:45,0,0,0,0,2020-03-22
13169,Jones,3/22/20 23:45,0,0,0,0,2020-03-22
13173,Lanier,3/22/20 23:45,0,0,0,0,2020-03-22
13179,Liberty,3/22/20 23:45,0,0,0,0,2020-03-22
13183,Long,3/22/20 23:45,0,0,0,0,2020-03-22
13193,Macon,3/22/20 23:45,0,0,0,0,2020-03-22
13195,Madison,3/22/20 23:45,0,0,0,0,2020-03-22
13197,Marion,3/22/20 23:45,0,0,0,0,2020-03-22
13189,McDuffie,3/22/20 23:45,0,0,0,0,2020-03-22
13191,McIntosh,3/22/20 23:45,0,0,0,0,2020-03-22
13199,Meriwether,3/22/20 23:45,0,0,0,0,2020-03-22
13205,Mitchell,3/22/20 23:45,0,0,0,0,2020-03-22
13209,Montgomery,3/22/20 23:45,0,0,0,0,2020-03-22
13211,Morgan,3/22/20 23:45,0,0,0,0,2020-03-22
13213,Murray,3/22/20 23:45,0,0,0,0,2020-03-22
13221,Oglethorpe,3/22/20 23:45,0,0,0,0,2020-03-22
13229,Pierce,3/22/20 23:45,0,0,0,0,2020-03-22
13231,Pike,3/22/20 23:45,0,0,0,0,2020-03-22
13235,Pulaski,3/22/20 23:45,0,0,0,0,2020-03-22
13237,Putnam,3/22/20 23:45,0,0,0,0,2020-03-22
13239,Quitman,3/22/20 23:45,0,0,0,0,2020-03-22
13241,Rabun,3/22/20 23:45,0,0,0,0,2020-03-22
13249,Schley,3/22/20 23:45,0,0,0,0,2020-03-22
13251,Screven,3/22/20 23:45,0,0,0,0,2020-03-22
13253,Seminole,3/22/20 23:45,0,0,0,0,2020-03-22
13257,Stephens,3/22/20 23:45,0,0,0,0,2020-03-22
13259,Stewart,3/22/20 23:45,0,0,0,0,2020-03-22
13263,Talbot,3/22/20 23:45,0,0,0,0,2020-03-22
13265,Taliaferro,3/22/20 23:45,0,0,0,0,2020-03-22
13267,Tattnall,3/22/20 23:45,0,0,0,0,2020-03-22
13269,Taylor,3/22/20 23:45,0,0,0,0,2020-03-22
13271,Telfair,3/22/20 23:45,0,0,0,0,2020-03-22
13275,Thomas,3/22/20 23:45,0,0,0,0,2020-03-22
13279,Toombs,3/22/20 23:45,0,0,0,0,2020-03-22
13281,Towns,3/22/20 23:45,0,0,0,0,2020-03-22
13283,Treutlen,3/22/20 23:45,0,0,0,0,2020-03-22
13291,Union,3/22/20 23:45,0,0,0,0,2020-03-22
13293,Upson,3/22/20 23:45,0,0,0,0,2020-03-22
13295,Walker,3/22/20 23:45,0,0,0,0,2020-03-22
13297,Walton,3/22/20 23:45,0,0,0,0,2020-03-22
13299,Ware,3/22/20 23:45,0,0,0,0,2020-03-22
13301,Warren,3/22/20 23:45,0,0,0,0,2020-03-22
13303,Washington,3/22/20 23:45,0,0,0,0,2020-03-22
13305,Wayne,3/22/20 23:45,0,0,0,0,2020-03-22
13307,Webster,3/22/20 23:45,0,0,0,0,2020-03-22
13309,Wheeler,3/22/20 23:45,0,0,0,0,2020-03-22
13311,White,3/22/20 23:45,0,0,0,0,2020-03-22
13315,Wilcox,3/22/20 23:45,0,0,0,0,2020-03-22
13317,Wilkes,3/22/20 23:45,0,0,0,0,2020-03-22
13319,Wilkinson,3/22/20 23:45,0,0,0,0,2020-03-22
13001,Appling,2020-03-23 23:19:34,0,0,0,0,2020-03-23
13003,Atkinson,2020-03-23 23:19:34,0,0,0,0,2020-03-23
13005,Bacon,2020-03-23 23:19:34,0,0,0,0,2020-03-23
13007,Baker,2020-03-23 23:19:34,0,0,0,0,2020-03-23
13009,Baldwin,2020-03-23 23:19:34,2,0,0,0,2020-03-23
13011,Banks,2020-03-23 23:19:34,0,0,0,0,2020-03-23
13013,Barrow,2020-03-23 23:19:34,1,0,0,0,2020-03-23
13015,Bartow,2020-03-23 23:19:34,61,1,0,0,2020-03-23
13017,Ben Hill,2020-03-23 23:19:34,0,0,0,0,2020-03-23
13019,Berrien,2020-03-23 23:19:34,0,0,0,0,2020-03-23
13021,Bibb,2020-03-23 23:19:34,2,0,0,0,2020-03-23
13023,Bleckley,2020-03-23 23:19:34,0,0,0,0,2020-03-23
13025,Brantley,2020-03-23 23:19:34,0,0,0,0,2020-03-23
13027,Brooks,2020-03-23 23:19:34,0,0,0,0,2020-03-23
13029,Bryan,2020-03-23 23:19:34,0,0,0,0,2020-03-23
13031,Bulloch,2020-03-23 23:19:34,0,0,0,0,2020-03-23
13033,Burke,2020-03-23 23:19:34,0,0,0,0,2020-03-23
13035,Butts,2020-03-23 23:19:34,2,0,0,0,2020-03-23
13037,Calhoun,2020-03-23 23:19:34,0,0,0,0,2020-03-23
13039,Camden,2020-03-23 23:19:34,0,0,0,0,2020-03-23
13043,Candler,2020-03-23 23:19:34,0,0,0,0,2020-03-23
13045,Carroll,2020-03-23 23:19:34,21,0,0,0,2020-03-23
13047,Catoosa,2020-03-23 23:19:34,1,0,0,0,2020-03-23
13049,Charlton,2020-03-23 23:19:34,1,0,0,0,2020-03-23
13051,Chatham,2020-03-23 23:19:34,4,0,0,0,2020-03-23
13053,Chattahoochee,2020-03-23 23:19:34,0,0,0,0,2020-03-23
13055,Chattooga,2020-03-23 23:19:34,1,0,0,0,2020-03-23
13057,Cherokee,2020-03-23 23:19:34,20,0,0,0,2020-03-23
13059,Clarke,2020-03-23 23:19:34,14,0,0,0,2020-03-23
13061,Clay,2020-03-23 23:19:34,0,0,0,0,2020-03-23
13063,Clayton,2020-03-23 23:19:34,18,0,0,0,2020-03-23
13065,Clinch,2020-03-23 23:19:34,1,0,0,0,2020-03-23
13067,Cobb,2020-03-23 23:19:34,79,2,0,0,2020-03-23
13069,Coffee,2020-03-23 23:19:34,1,0,0,0,2020-03-23
13071,Colquitt,2020-03-23 23:19:34,0,0,0,0,2020-03-23
13073,Columbia,2020-03-23 23:19:34,3,0,0,0,2020-03-23
13075,Cook,2020-03-23 23:19:34,0,0,0,0,2020-03-23
13077,Coweta,2020-03-23 23:19:34,9,0,0,0,2020-03-23
13079,Crawford,2020-03-23 23:19:34,0,0,0,0,2020-03-23
13081,Crisp,2020-03-23 23:19:34,0,0,0,0,2020-03-23
13083,Dade,2020-03-23 23:19:34,0,0,0,0,2020-03-23
13085,Dawson,2020-03-23 23:19:34,1,0,0,0,2020-03-23
13089,DeKalb,2020-03-23 23:19:34,75,0,0,0,2020-03-23
13087,Decatur,2020-03-23 23:19:34,0,0,0,0,2020-03-23
13091,Dodge,2020-03-23 23:19:34,0,0,0,0,2020-03-23
13093,Dooly,2020-03-23 23:19:34,0,0,0,0,2020-03-23
13095,Dougherty,2020-03-23 23:19:34,64,6,0,0,2020-03-23
13097,Douglas,2020-03-23 23:19:34,7,0,0,0,2020-03-23
13099,Early,2020-03-23 23:19:34,2,1,0,0,2020-03-23
13101,Echols,2020-03-23 23:19:34,0,0,0,0,2020-03-23
13103,Effingham,2020-03-23 23:19:34,2,0,0,0,2020-03-23
13105,Elbert,2020-03-23 23:19:34,0,0,0,0,2020-03-23
13107,Emanuel,2020-03-23 23:19:34,0,0,0,0,2020-03-23
13109,Evans,2020-03-23 23:19:34,0,0,0,0,2020-03-23
13111,Fannin,2020-03-23 23:19:34,0,0,0,0,2020-03-23
13113,Fayette,2020-03-23 23:19:34,10,1,0,0,2020-03-23
13115,Floyd,2020-03-23 23:19:34,10,1,0,0,2020-03-23
13117,Forsyth,2020-03-23 23:19:34,7,0,0,0,2020-03-23
13119,Franklin,2020-03-23 23:19:34,0,0,0,0,2020-03-23
13121,Fulton,2020-03-23 23:19:34,145,2,0,0,2020-03-23
13123,Gilmer,2020-03-23 23:19:34,0,0,0,0,2020-03-23
13125,Glascock,2020-03-23 23:19:34,0,0,0,0,2020-03-23
13127,Glynn,2020-03-23 23:19:34,4,0,0,0,2020-03-23
13129,Gordon,2020-03-23 23:19:34,5,0,0,0,2020-03-23
13131,Grady,2020-03-23 23:19:34,0,0,0,0,2020-03-23
13133,Greene,2020-03-23 23:19:34,0,0,0,0,2020-03-23
13135,Gwinnett,2020-03-23 23:19:34,34,1,0,0,2020-03-23
13137,Habersham,2020-03-23 23:19:34,0,0,0,0,2020-03-23
13139,Hall,2020-03-23 23:19:34,10,0,0,0,2020-03-23
13141,Hancock,2020-03-23 23:19:34,0,0,0,0,2020-03-23
13143,Haralson,2020-03-23 23:19:34,0,0,0,0,2020-03-23
13145,Harris,2020-03-23 23:19:34,0,0,0,0,2020-03-23
13147,Hart,2020-03-23 23:19:34,0,0,0,0,2020-03-23
13149,Heard,2020-03-23 23:19:34,1,0,0,0,2020-03-23
13151,Henry,2020-03-23 23:19:34,9,0,0,0,2020-03-23
13153,Houston,2020-03-23 23:19:34,1,0,0,0,2020-03-23
13155,Irwin,2020-03-23 23:19:34,0,0,0,0,2020-03-23
13157,Jackson,2020-03-23 23:19:34,0,0,0,0,2020-03-23
13159,Jasper,2020-03-23 23:19:34,0,0,0,0,2020-03-23
13161,Jeff Davis,2020-03-23 23:19:34,0,0,0,0,2020-03-23
13163,Jefferson,2020-03-23 23:19:34,0,0,0,0,2020-03-23
13165,Jenkins,2020-03-23 23:19:34,0,0,0,0,2020-03-23
13167,Johnson,2020-03-23 23:19:34,0,0,0,0,2020-03-23
13169,Jones,2020-03-23 23:19:34,0,0,0,0,2020-03-23
13171,Lamar,2020-03-23 23:19:34,3,0,0,0,2020-03-23
13173,Lanier,2020-03-23 23:19:34,0,0,0,0,2020-03-23
13175,Laurens,2020-03-23 23:19:34,2,0,0,0,2020-03-23
13177,Lee,2020-03-23 23:19:34,16,0,0,0,2020-03-23
13179,Liberty,2020-03-23 23:19:34,0,0,0,0,2020-03-23
13181,Lincoln,2020-03-23 23:19:34,1,0,0,0,2020-03-23
13183,Long,2020-03-23 23:19:34,0,0,0,0,2020-03-23
13185,Lowndes,2020-03-23 23:19:34,8,0,0,0,2020-03-23
13187,Lumpkin,2020-03-23 23:19:34,2,0,0,0,2020-03-23
13193,Macon,2020-03-23 23:19:34,0,0,0,0,2020-03-23
13195,Madison,2020-03-23 23:19:34,1,0,0,0,2020-03-23
13197,Marion,2020-03-23 23:19:34,0,0,0,0,2020-03-23
13189,McDuffie,2020-03-23 23:19:34,0,0,0,0,2020-03-23
13191,McIntosh,2020-03-23 23:19:34,0,0,0,0,2020-03-23
13199,Meriwether,2020-03-23 23:19:34,0,0,0,0,2020-03-23
13201,Miller,2020-03-23 23:19:34,1,0,0,0,2020-03-23
13205,Mitchell,2020-03-23 23:19:34,0,0,0,0,2020-03-23
13207,Monroe,2020-03-23 23:19:34,1,0,0,0,2020-03-23
13209,Montgomery,2020-03-23 23:19:34,0,0,0,0,2020-03-23
13211,Morgan,2020-03-23 23:19:34,1,0,0,0,2020-03-23
13213,Murray,2020-03-23 23:19:34,0,0,0,0,2020-03-23
13215,Muscogee,2020-03-23 23:19:34,2,0,0,0,2020-03-23
13217,Newton,2020-03-23 23:19:34,4,0,0,0,2020-03-23
13219,Oconee,2020-03-23 23:19:34,3,0,0,0,2020-03-23
13221,Oglethorpe,2020-03-23 23:19:34,0,0,0,0,2020-03-23
13223,Paulding,2020-03-23 23:19:34,5,0,0,0,2020-03-23
13225,Peach,2020-03-23 23:19:34,3,0,0,0,2020-03-23
13227,Pickens,2020-03-23 23:19:34,2,0,0,0,2020-03-23
13229,Pierce,2020-03-23 23:19:34,1,0,0,0,2020-03-23
13231,Pike,2020-03-23 23:19:34,0,0,0,0,2020-03-23
13233,Polk,2020-03-23 23:19:34,4,0,0,0,2020-03-23
13235,Pulaski,2020-03-23 23:19:34,0,0,0,0,2020-03-23
13237,Putnam,2020-03-23 23:19:34,0,0,0,0,2020-03-23
13239,Quitman,2020-03-23 23:19:34,0,0,0,0,2020-03-23
13241,Rabun,2020-03-23 23:19:34,0,0,0,0,2020-03-23
13243,Randolph,2020-03-23 23:19:34,1,0,0,0,2020-03-23
13245,Richmond,2020-03-23 23:19:34,11,0,0,0,2020-03-23
13247,Rockdale,2020-03-23 23:19:34,4,0,0,0,2020-03-23
13249,Schley,2020-03-23 23:19:34,0,0,0,0,2020-03-23
13251,Screven,2020-03-23 23:19:34,0,0,0,0,2020-03-23
13253,Seminole,2020-03-23 23:19:34,0,0,0,0,2020-03-23
13255,Spalding,2020-03-23 23:19:34,4,0,0,0,2020-03-23
13257,Stephens,2020-03-23 23:19:34,0,0,0,0,2020-03-23
13259,Stewart,2020-03-23 23:19:34,0,0,0,0,2020-03-23
13261,Sumter,2020-03-23 23:19:34,2,0,0,0,2020-03-23
13263,Talbot,2020-03-23 23:19:34,0,0,0,0,2020-03-23
13265,Taliaferro,2020-03-23 23:19:34,0,0,0,0,2020-03-23
13267,Tattnall,2020-03-23 23:19:34,1,0,0,0,2020-03-23
13269,Taylor,2020-03-23 23:19:34,0,0,0,0,2020-03-23
13271,Telfair,2020-03-23 23:19:34,0,0,0,0,2020-03-23
13273,Terrell,2020-03-23 23:19:34,2,0,0,0,2020-03-23
13275,Thomas,2020-03-23 23:19:34,0,0,0,0,2020-03-23
13277,Tift,2020-03-23 23:19:34,2,0,0,0,2020-03-23
13279,Toombs,2020-03-23 23:19:34,0,0,0,0,2020-03-23
13281,Towns,2020-03-23 23:19:34,0,0,0,0,2020-03-23
13283,Treutlen,2020-03-23 23:19:34,0,0,0,0,2020-03-23
13285,Troup,2020-03-23 23:19:34,4,0,0,0,2020-03-23
13287,Turner,2020-03-23 23:19:34,1,0,0,0,2020-03-23
13289,Twiggs,2020-03-23 23:19:34,1,0,0,0,2020-03-23
0,Unassigned,2020-03-23 23:19:34,45,10,0,0,2020-03-23
13291,Union,2020-03-23 23:19:34,0,0,0,0,2020-03-23
13293,Upson,2020-03-23 23:19:34,0,0,0,0,2020-03-23
13295,Walker,2020-03-23 23:19:34,0,0,0,0,2020-03-23
13297,Walton,2020-03-23 23:19:34,0,0,0,0,2020-03-23
13299,Ware,2020-03-23 23:19:34,0,0,0,0,2020-03-23
13301,Warren,2020-03-23 23:19:34,0,0,0,0,2020-03-23
13303,Washington,2020-03-23 23:19:34,1,0,0,0,2020-03-23
13305,Wayne,2020-03-23 23:19:34,0,0,0,0,2020-03-23
13307,Webster,2020-03-23 23:19:34,0,0,0,0,2020-03-23
13309,Wheeler,2020-03-23 23:19:34,0,0,0,0,2020-03-23
13311,White,2020-03-23 23:19:34,0,0,0,0,2020-03-23
13313,Whitfield,2020-03-23 23:19:34,2,0,0,0,2020-03-23
13315,Wilcox,2020-03-23 23:19:34,0,0,0,0,2020-03-23
13317,Wilkes,2020-03-23 23:19:34,0,0,0,0,2020-03-23
13319,Wilkinson,2020-03-23 23:19:34,0,0,0,0,2020-03-23
13321,Worth,2020-03-23 23:19:34,3,0,0,0,2020-03-23
13001,Appling,2020-03-24 23:37:31,0,0,0,0,2020-03-24
13003,Atkinson,2020-03-24 23:37:31,0,0,0,0,2020-03-24
13005,Bacon,2020-03-24 23:37:31,0,0,0,0,2020-03-24
13007,Baker,2020-03-24 23:37:31,2,0,0,0,2020-03-24
13009,Baldwin,2020-03-24 23:37:31,2,0,0,0,2020-03-24
13011,Banks,2020-03-24 23:37:31,0,0,0,0,2020-03-24
13013,Barrow,2020-03-24 23:37:31,1,0,0,0,2020-03-24
13015,Bartow,2020-03-24 23:37:31,74,1,0,0,2020-03-24
13017,Ben Hill,2020-03-24 23:37:31,1,0,0,0,2020-03-24
13019,Berrien,2020-03-24 23:37:31,0,0,0,0,2020-03-24
13021,Bibb,2020-03-24 23:37:31,4,0,0,0,2020-03-24
13023,Bleckley,2020-03-24 23:37:31,0,0,0,0,2020-03-24
13025,Brantley,2020-03-24 23:37:31,0,0,0,0,2020-03-24
13027,Brooks,2020-03-24 23:37:31,0,0,0,0,2020-03-24
13029,Bryan,2020-03-24 23:37:31,2,0,0,0,2020-03-24
13031,Bulloch,2020-03-24 23:37:31,0,0,0,0,2020-03-24
13033,Burke,2020-03-24 23:37:31,1,0,0,0,2020-03-24
13035,Butts,2020-03-24 23:37:31,2,0,0,0,2020-03-24
13037,Calhoun,2020-03-24 23:37:31,0,0,0,0,2020-03-24
13039,Camden,2020-03-24 23:37:31,1,0,0,0,2020-03-24
13043,Candler,2020-03-24 23:37:31,0,0,0,0,2020-03-24
13045,Carroll,2020-03-24 23:37:31,26,0,0,0,2020-03-24
13047,Catoosa,2020-03-24 23:37:31,1,0,0,0,2020-03-24
13049,Charlton,2020-03-24 23:37:31,1,0,0,0,2020-03-24
13051,Chatham,2020-03-24 23:37:31,7,0,0,0,2020-03-24
13053,Chattahoochee,2020-03-24 23:37:31,0,0,0,0,2020-03-24
13055,Chattooga,2020-03-24 23:37:31,1,0,0,0,2020-03-24
13057,Cherokee,2020-03-24 23:37:31,28,0,0,0,2020-03-24
13059,Clarke,2020-03-24 23:37:31,16,0,0,0,2020-03-24
13061,Clay,2020-03-24 23:37:31,0,0,0,0,2020-03-24
13063,Clayton,2020-03-24 23:37:31,21,0,0,0,2020-03-24
13065,Clinch,2020-03-24 23:37:31,1,0,0,0,2020-03-24
13067,Cobb,2020-03-24 23:37:31,86,2,0,0,2020-03-24
13069,Coffee,2020-03-24 23:37:31,2,0,0,0,2020-03-24
13071,Colquitt,2020-03-24 23:37:31,2,0,0,0,2020-03-24
13073,Columbia,2020-03-24 23:37:31,4,0,0,0,2020-03-24
13075,Cook,2020-03-24 23:37:31,0,0,0,0,2020-03-24
13077,Coweta,2020-03-24 23:37:31,10,0,0,0,2020-03-24
13079,Crawford,2020-03-24 23:37:31,0,0,0,0,2020-03-24
13081,Crisp,2020-03-24 23:37:31,3,0,0,0,2020-03-24
13083,Dade,2020-03-24 23:37:31,0,0,0,0,2020-03-24
13085,Dawson,2020-03-24 23:37:31,1,0,0,0,2020-03-24
13089,DeKalb,2020-03-24 23:37:31,94,0,0,0,2020-03-24
13087,Decatur,2020-03-24 23:37:31,0,0,0,0,2020-03-24
13091,Dodge,2020-03-24 23:37:31,0,0,0,0,2020-03-24
13093,Dooly,2020-03-24 23:37:31,0,0,0,0,2020-03-24
13095,Dougherty,2020-03-24 23:37:31,90,6,0,0,2020-03-24
13097,Douglas,2020-03-24 23:37:31,11,0,0,0,2020-03-24
13099,Early,2020-03-24 23:37:31,2,1,0,0,2020-03-24
13101,Echols,2020-03-24 23:37:31,0,0,0,0,2020-03-24
13103,Effingham,2020-03-24 23:37:31,2,0,0,0,2020-03-24
13105,Elbert,2020-03-24 23:37:31,0,0,0,0,2020-03-24
13107,Emanuel,2020-03-24 23:37:31,0,0,0,0,2020-03-24
13109,Evans,2020-03-24 23:37:31,0,0,0,0,2020-03-24
13111,Fannin,2020-03-24 23:37:31,0,0,0,0,2020-03-24
13113,Fayette,2020-03-24 23:37:31,12,1,0,0,2020-03-24
13115,Floyd,2020-03-24 23:37:31,11,1,0,0,2020-03-24
13117,Forsyth,2020-03-24 23:37:31,8,0,0,0,2020-03-24
13119,Franklin,2020-03-24 23:37:31,0,0,0,0,2020-03-24
13121,Fulton,2020-03-24 23:37:31,184,2,0,0,2020-03-24
13123,Gilmer,2020-03-24 23:37:31,0,0,0,0,2020-03-24
13125,Glascock,2020-03-24 23:37:31,0,0,0,0,2020-03-24
13127,Glynn,2020-03-24 23:37:31,5,0,0,0,2020-03-24
13129,Gordon,2020-03-24 23:37:31,7,0,0,0,2020-03-24
13131,Grady,2020-03-24 23:37:31,0,0,0,0,2020-03-24
13133,Greene,2020-03-24 23:37:31,1,0,0,0,2020-03-24
13135,Gwinnett,2020-03-24 23:37:31,45,1,0,0,2020-03-24
13137,Habersham,2020-03-24 23:37:31,0,0,0,0,2020-03-24
13139,Hall,2020-03-24 23:37:31,14,0,0,0,2020-03-24
13141,Hancock,2020-03-24 23:37:31,0,0,0,0,2020-03-24
13143,Haralson,2020-03-24 23:37:31,0,0,0,0,2020-03-24
13145,Harris,2020-03-24 23:37:31,1,0,0,0,2020-03-24
13147,Hart,2020-03-24 23:37:31,0,0,0,0,2020-03-24
13149,Heard,2020-03-24 23:37:31,1,0,0,0,2020-03-24
13151,Henry,2020-03-24 23:37:31,13,0,0,0,2020-03-24
13153,Houston,2020-03-24 23:37:31,3,0,0,0,2020-03-24
13155,Irwin,2020-03-24 23:37:31,1,0,0,0,2020-03-24
13157,Jackson,2020-03-24 23:37:31,0,0,0,0,2020-03-24
13159,Jasper,2020-03-24 23:37:31,1,0,0,0,2020-03-24
13161,Jeff Davis,2020-03-24 23:37:31,0,0,0,0,2020-03-24
13163,Jefferson,2020-03-24 23:37:31,0,0,0,0,2020-03-24
13165,Jenkins,2020-03-24 23:37:31,0,0,0,0,2020-03-24
13167,Johnson,2020-03-24 23:37:31,0,0,0,0,2020-03-24
13169,Jones,2020-03-24 23:37:31,0,0,0,0,2020-03-24
13171,Lamar,2020-03-24 23:37:31,3,0,0,0,2020-03-24
13173,Lanier,2020-03-24 23:37:31,0,0,0,0,2020-03-24
13175,Laurens,2020-03-24 23:37:31,5,0,0,0,2020-03-24
13177,Lee,2020-03-24 23:37:31,20,0,0,0,2020-03-24
13179,Liberty,2020-03-24 23:37:31,1,0,0,0,2020-03-24
13181,Lincoln,2020-03-24 23:37:31,1,0,0,0,2020-03-24
13183,Long,2020-03-24 23:37:31,0,0,0,0,2020-03-24
13185,Lowndes,2020-03-24 23:37:31,10,0,0,0,2020-03-24
13187,Lumpkin,2020-03-24 23:37:31,3,0,0,0,2020-03-24
13193,Macon,2020-03-24 23:37:31,1,0,0,0,2020-03-24
13195,Madison,2020-03-24 23:37:31,1,0,0,0,2020-03-24
13197,Marion,2020-03-24 23:37:31,0,0,0,0,2020-03-24
13189,McDuffie,2020-03-24 23:37:31,0,0,0,0,2020-03-24
13191,McIntosh,2020-03-24 23:37:31,0,0,0,0,2020-03-24
13199,Meriwether,2020-03-24 23:37:31,1,0,0,0,2020-03-24
13201,Miller,2020-03-24 23:37:31,1,0,0,0,2020-03-24
13205,Mitchell,2020-03-24 23:37:31,3,0,0,0,2020-03-24
13207,Monroe,2020-03-24 23:37:31,3,0,0,0,2020-03-24
13209,Montgomery,2020-03-24 23:37:31,0,0,0,0,2020-03-24
13211,Morgan,2020-03-24 23:37:31,1,0,0,0,2020-03-24
13213,Murray,2020-03-24 23:37:31,0,0,0,0,2020-03-24
13215,Muscogee,2020-03-24 23:37:31,3,0,0,0,2020-03-24
13217,Newton,2020-03-24 23:37:31,5,0,0,0,2020-03-24
13219,Oconee,2020-03-24 23:37:31,5,0,0,0,2020-03-24
13221,Oglethorpe,2020-03-24 23:37:31,0,0,0,0,2020-03-24
13223,Paulding,2020-03-24 23:37:31,6,0,0,0,2020-03-24
13225,Peach,2020-03-24 23:37:31,3,0,0,0,2020-03-24
13227,Pickens,2020-03-24 23:37:31,4,0,0,0,2020-03-24
13229,Pierce,2020-03-24 23:37:31,1,0,0,0,2020-03-24
13231,Pike,2020-03-24 23:37:31,0,0,0,0,2020-03-24
13233,Polk,2020-03-24 23:37:31,8,0,0,0,2020-03-24
13235,Pulaski,2020-03-24 23:37:31,1,0,0,0,2020-03-24
13237,Putnam,2020-03-24 23:37:31,0,0,0,0,2020-03-24
13239,Quitman,2020-03-24 23:37:31,0,0,0,0,2020-03-24
13241,Rabun,2020-03-24 23:37:31,0,0,0,0,2020-03-24
13243,Randolph,2020-03-24 23:37:31,1,0,0,0,2020-03-24
13245,Richmond,2020-03-24 23:37:31,11,0,0,0,2020-03-24
13247,Rockdale,2020-03-24 23:37:31,7,0,0,0,2020-03-24
13249,Schley,2020-03-24 23:37:31,0,0,0,0,2020-03-24
13251,Screven,2020-03-24 23:37:31,0,0,0,0,2020-03-24
13253,Seminole,2020-03-24 23:37:31,0,0,0,0,2020-03-24
13255,Spalding,2020-03-24 23:37:31,5,0,0,0,2020-03-24
13257,Stephens,2020-03-24 23:37:31,1,0,0,0,2020-03-24
13259,Stewart,2020-03-24 23:37:31,0,0,0,0,2020-03-24
13261,Sumter,2020-03-24 23:37:31,2,0,0,0,2020-03-24
13263,Talbot,2020-03-24 23:37:31,0,0,0,0,2020-03-24
13265,Taliaferro,2020-03-24 23:37:31,0,0,0,0,2020-03-24
13267,Tattnall,2020-03-24 23:37:31,1,0,0,0,2020-03-24
13269,Taylor,2020-03-24 23:37:31,0,0,0,0,2020-03-24
13271,Telfair,2020-03-24 23:37:31,0,0,0,0,2020-03-24
13273,Terrell,2020-03-24 23:37:31,3,0,0,0,2020-03-24
13275,Thomas,2020-03-24 23:37:31,0,0,0,0,2020-03-24
13277,Tift,2020-03-24 23:37:31,2,0,0,0,2020-03-24
13279,Toombs,2020-03-24 23:37:31,0,0,0,0,2020-03-24
13281,Towns,2020-03-24 23:37:31,0,0,0,0,2020-03-24
13283,Treutlen,2020-03-24 23:37:31,0,0,0,0,2020-03-24
13285,Troup,2020-03-24 23:37:31,6,0,0,0,2020-03-24
13287,Turner,2020-03-24 23:37:31,1,0,0,0,2020-03-24
13289,Twiggs,2020-03-24 23:37:31,1,0,0,0,2020-03-24
0,Unassigned,2020-03-24 23:37:31,81,17,0,0,2020-03-24
13291,Union,2020-03-24 23:37:31,0,0,0,0,2020-03-24
13293,Upson,2020-03-24 23:37:31,0,0,0,0,2020-03-24
13295,Walker,2020-03-24 23:37:31,0,0,0,0,2020-03-24
13297,Walton,2020-03-24 23:37:31,1,0,0,0,2020-03-24
13299,Ware,2020-03-24 23:37:31,0,0,0,0,2020-03-24
13301,Warren,2020-03-24 23:37:31,0,0,0,0,2020-03-24
13303,Washington,2020-03-24 23:37:31,1,0,0,0,2020-03-24
13305,Wayne,2020-03-24 23:37:31,0,0,0,0,2020-03-24
13307,Webster,2020-03-24 23:37:31,0,0,0,0,2020-03-24
13309,Wheeler,2020-03-24 23:37:31,0,0,0,0,2020-03-24
13311,White,2020-03-24 23:37:31,0,0,0,0,2020-03-24
13313,Whitfield,2020-03-24 23:37:31,2,0,0,0,2020-03-24
13315,Wilcox,2020-03-24 23:37:31,0,0,0,0,2020-03-24
13317,Wilkes,2020-03-24 23:37:31,0,0,0,0,2020-03-24
13319,Wilkinson,2020-03-24 23:37:31,0,0,0,0,2020-03-24
13321,Worth,2020-03-24 23:37:31,4,0,0,0,2020-03-24
13001,Appling,2020-03-25 23:33:19,1,0,0,0,2020-03-25
13003,Atkinson,2020-03-25 23:33:19,0,0,0,0,2020-03-25
13005,Bacon,2020-03-25 23:33:19,0,0,0,0,2020-03-25
13007,Baker,2020-03-25 23:33:19,3,0,0,0,2020-03-25
13009,Baldwin,2020-03-25 23:33:19,2,0,0,0,2020-03-25
13011,Banks,2020-03-25 23:33:19,0,0,0,0,2020-03-25
13013,Barrow,2020-03-25 23:33:19,2,0,0,0,2020-03-25
13015,Bartow,2020-03-25 23:33:19,78,1,0,0,2020-03-25
13017,Ben Hill,2020-03-25 23:33:19,1,0,0,0,2020-03-25
13019,Berrien,2020-03-25 23:33:19,0,0,0,0,2020-03-25
13021,Bibb,2020-03-25 23:33:19,6,0,0,0,2020-03-25
13023,Bleckley,2020-03-25 23:33:19,0,0,0,0,2020-03-25
13025,Brantley,2020-03-25 23:33:19,0,0,0,0,2020-03-25
13027,Brooks,2020-03-25 23:33:19,0,0,0,0,2020-03-25
13029,Bryan,2020-03-25 23:33:19,2,0,0,0,2020-03-25
13031,Bulloch,2020-03-25 23:33:19,0,0,0,0,2020-03-25
13033,Burke,2020-03-25 23:33:19,1,0,0,0,2020-03-25
13035,Butts,2020-03-25 23:33:19,2,0,0,0,2020-03-25
13037,Calhoun,2020-03-25 23:33:19,0,0,0,0,2020-03-25
13039,Camden,2020-03-25 23:33:19,1,0,0,0,2020-03-25
13043,Candler,2020-03-25 23:33:19,0,0,0,0,2020-03-25
13045,Carroll,2020-03-25 23:33:19,27,0,0,0,2020-03-25
13047,Catoosa,2020-03-25 23:33:19,1,0,0,0,2020-03-25
13049,Charlton,2020-03-25 23:33:19,1,0,0,0,2020-03-25
13051,Chatham,2020-03-25 23:33:19,7,0,0,0,2020-03-25
13053,Chattahoochee,2020-03-25 23:33:19,0,0,0,0,2020-03-25
13055,Chattooga,2020-03-25 23:33:19,1,0,0,0,2020-03-25
13057,Cherokee,2020-03-25 23:33:19,31,0,0,0,2020-03-25
13059,Clarke,2020-03-25 23:33:19,19,1,0,0,2020-03-25
13061,Clay,2020-03-25 23:33:19,0,0,0,0,2020-03-25
13063,Clayton,2020-03-25 23:33:19,22,0,0,0,2020-03-25
13065,Clinch,2020-03-25 23:33:19,1,0,0,0,2020-03-25
13067,Cobb,2020-03-25 23:33:19,101,2,0,0,2020-03-25
13069,Coffee,2020-03-25 23:33:19,2,0,0,0,2020-03-25
13071,Colquitt,2020-03-25 23:33:19,2,0,0,0,2020-03-25
13073,Columbia,2020-03-25 23:33:19,6,0,0,0,2020-03-25
13075,Cook,2020-03-25 23:33:19,0,0,0,0,2020-03-25
13077,Coweta,2020-03-25 23:33:19,10,0,0,0,2020-03-25
13079,Crawford,2020-03-25 23:33:19,0,0,0,0,2020-03-25
13081,Crisp,2020-03-25 23:33:19,3,0,0,0,2020-03-25
13083,Dade,2020-03-25 23:33:19,0,0,0,0,2020-03-25
13085,Dawson,2020-03-25 23:33:19,1,0,0,0,2020-03-25
13089,DeKalb,2020-03-25 23:33:19,116,0,0,0,2020-03-25
13087,Decatur,2020-03-25 23:33:19,1,0,0,0,2020-03-25
13091,Dodge,2020-03-25 23:33:19,1,0,0,0,2020-03-25
13093,Dooly,2020-03-25 23:33:19,0,0,0,0,2020-03-25
13095,Dougherty,2020-03-25 23:33:19,109,6,0,0,2020-03-25
13097,Douglas,2020-03-25 23:33:19,17,0,0,0,2020-03-25
13099,Early,2020-03-25 23:33:19,5,1,0,0,2020-03-25
13101,Echols,2020-03-25 23:33:19,0,0,0,0,2020-03-25
13103,Effingham,2020-03-25 23:33:19,3,0,0,0,2020-03-25
13105,Elbert,2020-03-25 23:33:19,0,0,0,0,2020-03-25
13107,Emanuel,2020-03-25 23:33:19,0,0,0,0,2020-03-25
13109,Evans,2020-03-25 23:33:19,0,0,0,0,2020-03-25
13111,Fannin,2020-03-25 23:33:19,1,0,0,0,2020-03-25
13113,Fayette,2020-03-25 23:33:19,12,1,0,0,2020-03-25
13115,Floyd,2020-03-25 23:33:19,14,1,0,0,2020-03-25
13117,Forsyth,2020-03-25 23:33:19,9,0,0,0,2020-03-25
13119,Franklin,2020-03-25 23:33:19,0,0,0,0,2020-03-25
13121,Fulton,2020-03-25 23:33:19,198,2,0,0,2020-03-25
13123,Gilmer,2020-03-25 23:33:19,0,0,0,0,2020-03-25
13125,Glascock,2020-03-25 23:33:19,0,0,0,0,2020-03-25
13127,Glynn,2020-03-25 23:33:19,5,0,0,0,2020-03-25
13129,Gordon,2020-03-25 23:33:19,8,0,0,0,2020-03-25
13131,Grady,2020-03-25 23:33:19,0,0,0,0,2020-03-25
13133,Greene,2020-03-25 23:33:19,2,0,0,0,2020-03-25
13135,Gwinnett,2020-03-25 23:33:19,48,1,0,0,2020-03-25
13137,Habersham,2020-03-25 23:33:19,0,0,0,0,2020-03-25
13139,Hall,2020-03-25 23:33:19,19,0,0,0,2020-03-25
13141,Hancock,2020-03-25 23:33:19,0,0,0,0,2020-03-25
13143,Haralson,2020-03-25 23:33:19,0,0,0,0,2020-03-25
13145,Harris,2020-03-25 23:33:19,1,0,0,0,2020-03-25
13147,Hart,2020-03-25 23:33:19,0,0,0,0,2020-03-25
13149,Heard,2020-03-25 23:33:19,1,0,0,0,2020-03-25
13151,Henry,2020-03-25 23:33:19,13,0,0,0,2020-03-25
13153,Houston,2020-03-25 23:33:19,5,0,0,0,2020-03-25
13155,Irwin,2020-03-25 23:33:19,2,0,0,0,2020-03-25
13157,Jackson,2020-03-25 23:33:19,1,0,0,0,2020-03-25
13159,Jasper,2020-03-25 23:33:19,2,0,0,0,2020-03-25
13161,Jeff Davis,2020-03-25 23:33:19,0,0,0,0,2020-03-25
13163,Jefferson,2020-03-25 23:33:19,0,0,0,0,2020-03-25
13165,Jenkins,2020-03-25 23:33:19,0,0,0,0,2020-03-25
13167,Johnson,2020-03-25 23:33:19,0,0,0,0,2020-03-25
13169,Jones,2020-03-25 23:33:19,1,0,0,0,2020-03-25
13171,Lamar,2020-03-25 23:33:19,3,0,0,0,2020-03-25
13173,Lanier,2020-03-25 23:33:19,0,0,0,0,2020-03-25
13175,Laurens,2020-03-25 23:33:19,6,0,0,0,2020-03-25
13177,Lee,2020-03-25 23:33:19,25,0,0,0,2020-03-25
13179,Liberty,2020-03-25 23:33:19,1,0,0,0,2020-03-25
13181,Lincoln,2020-03-25 23:33:19,1,0,0,0,2020-03-25
13183,Long,2020-03-25 23:33:19,0,0,0,0,2020-03-25
13185,Lowndes,2020-03-25 23:33:19,11,0,0,0,2020-03-25
13187,Lumpkin,2020-03-25 23:33:19,3,0,0,0,2020-03-25
13193,Macon,2020-03-25 23:33:19,1,0,0,0,2020-03-25
13195,Madison,2020-03-25 23:33:19,1,0,0,0,2020-03-25
13197,Marion,2020-03-25 23:33:19,0,0,0,0,2020-03-25
13189,McDuffie,2020-03-25 23:33:19,0,0,0,0,2020-03-25
13191,McIntosh,2020-03-25 23:33:19,0,0,0,0,2020-03-25
13199,Meriwether,2020-03-25 23:33:19,1,0,0,0,2020-03-25
13201,Miller,2020-03-25 23:33:19,2,0,0,0,2020-03-25
13205,Mitchell,2020-03-25 23:33:19,4,0,0,0,2020-03-25
13207,Monroe,2020-03-25 23:33:19,3,0,0,0,2020-03-25
13209,Montgomery,2020-03-25 23:33:19,0,0,0,0,2020-03-25
13211,Morgan,2020-03-25 23:33:19,1,0,0,0,2020-03-25
13213,Murray,2020-03-25 23:33:19,0,0,0,0,2020-03-25
13215,Muscogee,2020-03-25 23:33:19,4,0,0,0,2020-03-25
13217,Newton,2020-03-25 23:33:19,7,0,0,0,2020-03-25
13219,Oconee,2020-03-25 23:33:19,5,0,0,0,2020-03-25
13221,Oglethorpe,2020-03-25 23:33:19,0,0,0,0,2020-03-25
13223,Paulding,2020-03-25 23:33:19,6,0,0,0,2020-03-25
13225,Peach,2020-03-25 23:33:19,4,0,0,0,2020-03-25
13227,Pickens,2020-03-25 23:33:19,4,0,0,0,2020-03-25
13229,Pierce,2020-03-25 23:33:19,1,0,0,0,2020-03-25
13231,Pike,2020-03-25 23:33:19,0,0,0,0,2020-03-25
13233,Polk,2020-03-25 23:33:19,8,0,0,0,2020-03-25
13235,Pulaski,2020-03-25 23:33:19,1,0,0,0,2020-03-25
13237,Putnam,2020-03-25 23:33:19,0,0,0,0,2020-03-25
13239,Quitman,2020-03-25 23:33:19,0,0,0,0,2020-03-25
13241,Rabun,2020-03-25 23:33:19,0,0,0,0,2020-03-25
13243,Randolph,2020-03-25 23:33:19,1,0,0,0,2020-03-25
13245,Richmond,2020-03-25 23:33:19,11,0,0,0,2020-03-25
13247,Rockdale,2020-03-25 23:33:19,9,0,0,0,2020-03-25
13249,Schley,2020-03-25 23:33:19,0,0,0,0,2020-03-25
13251,Screven,2020-03-25 23:33:19,0,0,0,0,2020-03-25
13253,Seminole,2020-03-25 23:33:19,2,0,0,0,2020-03-25
13255,Spalding,2020-03-25 23:33:19,6,0,0,0,2020-03-25
13257,Stephens,2020-03-25 23:33:19,2,0,0,0,2020-03-25
13259,Stewart,2020-03-25 23:33:19,0,0,0,0,2020-03-25
13261,Sumter,2020-03-25 23:33:19,5,0,0,0,2020-03-25
13263,Talbot,2020-03-25 23:33:19,0,0,0,0,2020-03-25
13265,Taliaferro,2020-03-25 23:33:19,0,0,0,0,2020-03-25
13267,Tattnall,2020-03-25 23:33:19,1,0,0,0,2020-03-25
13269,Taylor,2020-03-25 23:33:19,1,0,0,0,2020-03-25
13271,Telfair,2020-03-25 23:33:19,1,0,0,0,2020-03-25
13273,Terrell,2020-03-25 23:33:19,3,0,0,0,2020-03-25
13275,Thomas,2020-03-25 23:33:19,1,0,0,0,2020-03-25
13277,Tift,2020-03-25 23:33:19,5,0,0,0,2020-03-25
13279,Toombs,2020-03-25 23:33:19,0,0,0,0,2020-03-25
13281,Towns,2020-03-25 23:33:19,0,0,0,0,2020-03-25
13283,Treutlen,2020-03-25 23:33:19,0,0,0,0,2020-03-25
13285,Troup,2020-03-25 23:33:19,6,0,0,0,2020-03-25
13287,Turner,2020-03-25 23:33:19,1,0,0,0,2020-03-25
13289,Twiggs,2020-03-25 23:33:19,2,0,0,0,2020-03-25
0,Unassigned,2020-03-25 23:33:19,146,24,0,0,2020-03-25
13291,Union,2020-03-25 23:33:19,0,0,0,0,2020-03-25
13293,Upson,2020-03-25 23:33:19,0,0,0,0,2020-03-25
13295,Walker,2020-03-25 23:33:19,0,0,0,0,2020-03-25
13297,Walton,2020-03-25 23:33:19,1,0,0,0,2020-03-25
13299,Ware,2020-03-25 23:33:19,0,0,0,0,2020-03-25
13301,Warren,2020-03-25 23:33:19,0,0,0,0,2020-03-25
13303,Washington,2020-03-25 23:33:19,2,0,0,0,2020-03-25
13305,Wayne,2020-03-25 23:33:19,0,0,0,0,2020-03-25
13307,Webster,2020-03-25 23:33:19,0,0,0,0,2020-03-25
13309,Wheeler,2020-03-25 23:33:19,0,0,0,0,2020-03-25
13311,White,2020-03-25 23:33:19,1,0,0,0,2020-03-25
13313,Whitfield,2020-03-25 23:33:19,4,0,0,0,2020-03-25
13315,Wilcox,2020-03-25 23:33:19,0,0,0,0,2020-03-25
13317,Wilkes,2020-03-25 23:33:19,1,0,0,0,2020-03-25
13319,Wilkinson,2020-03-25 23:33:19,0,0,0,0,2020-03-25
13321,Worth,2020-03-25 23:33:19,4,0,0,0,2020-03-25
13001,Appling,2020-03-26 23:48:35,0,0,0,0,2020-03-26
13003,Atkinson,2020-03-26 23:48:35,0,0,0,0,2020-03-26
13005,Bacon,2020-03-26 23:48:35,0,0,0,0,2020-03-26
13007,Baker,2020-03-26 23:48:35,1,0,0,0,2020-03-26
13009,Baldwin,2020-03-26 23:48:35,2,0,0,0,2020-03-26
13011,Banks,2020-03-26 23:48:35,0,0,0,0,2020-03-26
13013,Barrow,2020-03-26 23:48:35,4,0,0,0,2020-03-26
13015,Bartow,2020-03-26 23:48:35,86,1,0,0,2020-03-26
13017,Ben Hill,2020-03-26 23:48:35,1,0,0,0,2020-03-26
13019,Berrien,2020-03-26 23:48:35,0,0,0,0,2020-03-26
13021,Bibb,2020-03-26 23:48:35,8,0,0,0,2020-03-26
13023,Bleckley,2020-03-26 23:48:35,0,0,0,0,2020-03-26
13025,Brantley,2020-03-26 23:48:35,0,0,0,0,2020-03-26
13027,Brooks,2020-03-26 23:48:35,0,0,0,0,2020-03-26
13029,Bryan,2020-03-26 23:48:35,3,0,0,0,2020-03-26
13031,Bulloch,2020-03-26 23:48:35,0,0,0,0,2020-03-26
13033,Burke,2020-03-26 23:48:35,1,0,0,0,2020-03-26
13035,Butts,2020-03-26 23:48:35,3,0,0,0,2020-03-26
13037,Calhoun,2020-03-26 23:48:35,0,0,0,0,2020-03-26
13039,Camden,2020-03-26 23:48:35,2,0,0,0,2020-03-26
13043,Candler,2020-03-26 23:48:35,0,0,0,0,2020-03-26
13045,Carroll,2020-03-26 23:48:35,50,0,0,0,2020-03-26
13047,Catoosa,2020-03-26 23:48:35,1,0,0,0,2020-03-26
13049,Charlton,2020-03-26 23:48:35,1,0,0,0,2020-03-26
13051,Chatham,2020-03-26 23:48:35,9,0,0,0,2020-03-26
13053,Chattahoochee,2020-03-26 23:48:35,0,0,0,0,2020-03-26
13055,Chattooga,2020-03-26 23:48:35,1,0,0,0,2020-03-26
13057,Cherokee,2020-03-26 23:48:35,38,0,0,0,2020-03-26
13059,Clarke,2020-03-26 23:48:35,24,1,0,0,2020-03-26
13061,Clay,2020-03-26 23:48:35,0,0,0,0,2020-03-26
13063,Clayton,2020-03-26 23:48:35,32,0,0,0,2020-03-26
13065,Clinch,2020-03-26 23:48:35,1,0,0,0,2020-03-26
13067,Cobb,2020-03-26 23:48:35,115,2,0,0,2020-03-26
13069,Coffee,2020-03-26 23:48:35,2,0,0,0,2020-03-26
13071,Colquitt,2020-03-26 23:48:35,4,0,0,0,2020-03-26
13073,Columbia,2020-03-26 23:48:35,10,0,0,0,2020-03-26
13075,Cook,2020-03-26 23:48:35,0,0,0,0,2020-03-26
13077,Coweta,2020-03-26 23:48:35,12,0,0,0,2020-03-26
13079,Crawford,2020-03-26 23:48:35,0,0,0,0,2020-03-26
13081,Crisp,2020-03-26 23:48:35,4,0,0,0,2020-03-26
13083,Dade,2020-03-26 23:48:35,0,0,0,0,2020-03-26
13085,Dawson,2020-03-26 23:48:35,3,0,0,0,2020-03-26
13089,DeKalb,2020-03-26 23:48:35,129,0,0,0,2020-03-26
13087,Decatur,2020-03-26 23:48:35,2,0,0,0,2020-03-26
13091,Dodge,2020-03-26 23:48:35,1,0,0,0,2020-03-26
13093,Dooly,2020-03-26 23:48:35,0,0,0,0,2020-03-26
13095,Dougherty,2020-03-26 23:48:35,156,6,0,0,2020-03-26
13097,Douglas,2020-03-26 23:48:35,18,0,0,0,2020-03-26
13099,Early,2020-03-26 23:48:35,7,1,0,0,2020-03-26
13101,Echols,2020-03-26 23:48:35,0,0,0,0,2020-03-26
13103,Effingham,2020-03-26 23:48:35,3,0,0,0,2020-03-26
13105,Elbert,2020-03-26 23:48:35,0,0,0,0,2020-03-26
13107,Emanuel,2020-03-26 23:48:35,0,0,0,0,2020-03-26
13109,Evans,2020-03-26 23:48:35,0,0,0,0,2020-03-26
13111,Fannin,2020-03-26 23:48:35,1,0,0,0,2020-03-26
13113,Fayette,2020-03-26 23:48:35,14,1,0,0,2020-03-26
13115,Floyd,2020-03-26 23:48:35,16,1,0,0,2020-03-26
13117,Forsyth,2020-03-26 23:48:35,15,0,0,0,2020-03-26
13119,Franklin,2020-03-26 23:48:35,0,0,0,0,2020-03-26
13121,Fulton,2020-03-26 23:48:35,211,2,0,0,2020-03-26
13123,Gilmer,2020-03-26 23:48:35,0,0,0,0,2020-03-26
13125,Glascock,2020-03-26 23:48:35,0,0,0,0,2020-03-26
13127,Glynn,2020-03-26 23:48:35,5,0,0,0,2020-03-26
13129,Gordon,2020-03-26 23:48:35,9,0,0,0,2020-03-26
13131,Grady,2020-03-26 23:48:35,0,0,0,0,2020-03-26
13133,Greene,2020-03-26 23:48:35,1,0,0,0,2020-03-26
13135,Gwinnett,2020-03-26 23:48:35,75,1,0,0,2020-03-26
13137,Habersham,2020-03-26 23:48:35,0,0,0,0,2020-03-26
13139,Hall,2020-03-26 23:48:35,21,0,0,0,2020-03-26
13141,Hancock,2020-03-26 23:48:35,0,0,0,0,2020-03-26
13143,Haralson,2020-03-26 23:48:35,0,0,0,0,2020-03-26
13145,Harris,2020-03-26 23:48:35,1,0,0,0,2020-03-26
13147,Hart,2020-03-26 23:48:35,0,0,0,0,2020-03-26
13149,Heard,2020-03-26 23:48:35,1,0,0,0,2020-03-26
13151,Henry,2020-03-26 23:48:35,25,0,0,0,2020-03-26
13153,Houston,2020-03-26 23:48:35,9,0,0,0,2020-03-26
13155,Irwin,2020-03-26 23:48:35,2,0,0,0,2020-03-26
13157,Jackson,2020-03-26 23:48:35,1,0,0,0,2020-03-26
13159,Jasper,2020-03-26 23:48:35,2,0,0,0,2020-03-26
13161,Jeff Davis,2020-03-26 23:48:35,0,0,0,0,2020-03-26
13163,Jefferson,2020-03-26 23:48:35,0,0,0,0,2020-03-26
13165,Jenkins,2020-03-26 23:48:35,0,0,0,0,2020-03-26
13167,Johnson,2020-03-26 23:48:35,0,0,0,0,2020-03-26
13169,Jones,2020-03-26 23:48:35,1,0,0,0,2020-03-26
13171,Lamar,2020-03-26 23:48:35,3,0,0,0,2020-03-26
13173,Lanier,2020-03-26 23:48:35,0,0,0,0,2020-03-26
13175,Laurens,2020-03-26 23:48:35,7,0,0,0,2020-03-26
13177,Lee,2020-03-26 23:48:35,30,0,0,0,2020-03-26
13179,Liberty,2020-03-26 23:48:35,1,0,0,0,2020-03-26
13181,Lincoln,2020-03-26 23:48:35,1,0,0,0,2020-03-26
13183,Long,2020-03-26 23:48:35,1,0,0,0,2020-03-26
13185,Lowndes,2020-03-26 23:48:35,12,0,0,0,2020-03-26
13187,Lumpkin,2020-03-26 23:48:35,4,0,0,0,2020-03-26
13193,Macon,2020-03-26 23:48:35,1,0,0,0,2020-03-26
13195,Madison,2020-03-26 23:48:35,2,0,0,0,2020-03-26
13197,Marion,2020-03-26 23:48:35,0,0,0,0,2020-03-26
13189,McDuffie,2020-03-26 23:48:35,0,0,0,0,2020-03-26
13191,McIntosh,2020-03-26 23:48:35,0,0,0,0,2020-03-26
13199,Meriwether,2020-03-26 23:48:35,1,0,0,0,2020-03-26
13201,Miller,2020-03-26 23:48:35,2,0,0,0,2020-03-26
13205,Mitchell,2020-03-26 23:48:35,10,0,0,0,2020-03-26
13207,Monroe,2020-03-26 23:48:35,3,0,0,0,2020-03-26
13209,Montgomery,2020-03-26 23:48:35,0,0,0,0,2020-03-26
13211,Morgan,2020-03-26 23:48:35,1,0,0,0,2020-03-26
13213,Murray,2020-03-26 23:48:35,0,0,0,0,2020-03-26
13215,Muscogee,2020-03-26 23:48:35,5,0,0,0,2020-03-26
13217,Newton,2020-03-26 23:48:35,10,0,0,0,2020-03-26
13219,Oconee,2020-03-26 23:48:35,7,0,0,0,2020-03-26
13221,Oglethorpe,2020-03-26 23:48:35,0,0,0,0,2020-03-26
13223,Paulding,2020-03-26 23:48:35,7,0,0,0,2020-03-26
13225,Peach,2020-03-26 23:48:35,5,0,0,0,2020-03-26
13227,Pickens,2020-03-26 23:48:35,4,0,0,0,2020-03-26
13229,Pierce,2020-03-26 23:48:35,1,0,0,0,2020-03-26
13231,Pike,2020-03-26 23:48:35,0,0,0,0,2020-03-26
13233,Polk,2020-03-26 23:48:35,10,0,0,0,2020-03-26
13235,Pulaski,2020-03-26 23:48:35,1,0,0,0,2020-03-26
13237,Putnam,2020-03-26 23:48:35,0,0,0,0,2020-03-26
13239,Quitman,2020-03-26 23:48:35,0,0,0,0,2020-03-26
13241,Rabun,2020-03-26 23:48:35,0,0,0,0,2020-03-26
13243,Randolph,2020-03-26 23:48:35,1,0,0,0,2020-03-26
13245,Richmond,2020-03-26 23:48:35,10,0,0,0,2020-03-26
13247,Rockdale,2020-03-26 23:48:35,12,0,0,0,2020-03-26
13249,Schley,2020-03-26 23:48:35,0,0,0,0,2020-03-26
13251,Screven,2020-03-26 23:48:35,0,0,0,0,2020-03-26
13253,Seminole,2020-03-26 23:48:35,2,0,0,0,2020-03-26
13255,Spalding,2020-03-26 23:48:35,11,0,0,0,2020-03-26
13257,Stephens,2020-03-26 23:48:35,1,0,0,0,2020-03-26
13259,Stewart,2020-03-26 23:48:35,0,0,0,0,2020-03-26
13261,Sumter,2020-03-26 23:48:35,5,0,0,0,2020-03-26
13263,Talbot,2020-03-26 23:48:35,0,0,0,0,2020-03-26
13265,Taliaferro,2020-03-26 23:48:35,0,0,0,0,2020-03-26
13267,Tattnall,2020-03-26 23:48:35,2,0,0,0,2020-03-26
13269,Taylor,2020-03-26 23:48:35,1,0,0,0,2020-03-26
13271,Telfair,2020-03-26 23:48:35,0,0,0,0,2020-03-26
13273,Terrell,2020-03-26 23:48:35,5,0,0,0,2020-03-26
13275,Thomas,2020-03-26 23:48:35,1,0,0,0,2020-03-26
13277,Tift,2020-03-26 23:48:35,5,0,0,0,2020-03-26
13279,Toombs,2020-03-26 23:48:35,1,0,0,0,2020-03-26
13281,Towns,2020-03-26 23:48:35,0,0,0,0,2020-03-26
13283,Treutlen,2020-03-26 23:48:35,0,0,0,0,2020-03-26
13285,Troup,2020-03-26 23:48:35,10,0,0,0,2020-03-26
13287,Turner,2020-03-26 23:48:35,2,0,0,0,2020-03-26
13289,Twiggs,2020-03-26 23:48:35,2,0,0,0,2020-03-26
0,Unassigned,2020-03-26 23:48:35,166,32,0,0,2020-03-26
13291,Union,2020-03-26 23:48:35,0,0,0,0,2020-03-26
13293,Upson,2020-03-26 23:48:35,0,0,0,0,2020-03-26
13295,Walker,2020-03-26 23:48:35,0,0,0,0,2020-03-26
13297,Walton,2020-03-26 23:48:35,0,0,0,0,2020-03-26
13299,Ware,2020-03-26 23:48:35,1,0,0,0,2020-03-26
13301,Warren,2020-03-26 23:48:35,0,0,0,0,2020-03-26
13303,Washington,2020-03-26 23:48:35,2,0,0,0,2020-03-26
13305,Wayne,2020-03-26 23:48:35,0,0,0,0,2020-03-26
13307,Webster,2020-03-26 23:48:35,0,0,0,0,2020-03-26
13309,Wheeler,2020-03-26 23:48:35,0,0,0,0,2020-03-26
13311,White,2020-03-26 23:48:35,1,0,0,0,2020-03-26
13313,Whitfield,2020-03-26 23:48:35,5,0,0,0,2020-03-26
13315,Wilcox,2020-03-26 23:48:35,0,0,0,0,2020-03-26
13317,Wilkes,2020-03-26 23:48:35,1,0,0,0,2020-03-26
13319,Wilkinson,2020-03-26 23:48:35,0,0,0,0,2020-03-26
13321,Worth,2020-03-26 23:48:35,5,0,0,0,2020-03-26
13001,Appling,2020-03-27 22:14:55,0,0,0,0,2020-03-27
13003,Atkinson,2020-03-27 22:14:55,0,0,0,0,2020-03-27
13005,Bacon,2020-03-27 22:14:55,0,0,0,0,2020-03-27
13007,Baker,2020-03-27 22:14:55,1,0,0,0,2020-03-27
13009,Baldwin,2020-03-27 22:14:55,2,0,0,0,2020-03-27
13011,Banks,2020-03-27 22:14:55,0,0,0,0,2020-03-27
13013,Barrow,2020-03-27 22:14:55,6,0,0,0,2020-03-27
13015,Bartow,2020-03-27 22:14:55,98,1,0,0,2020-03-27
13017,Ben Hill,2020-03-27 22:14:55,2,0,0,0,2020-03-27
13019,Berrien,2020-03-27 22:14:55,0,0,0,0,2020-03-27
13021,Bibb,2020-03-27 22:14:55,10,0,0,0,2020-03-27
13023,Bleckley,2020-03-27 22:14:55,0,0,0,0,2020-03-27
13025,Brantley,2020-03-27 22:14:55,0,0,0,0,2020-03-27
13027,Brooks,2020-03-27 22:14:55,0,0,0,0,2020-03-27
13029,Bryan,2020-03-27 22:14:55,4,0,0,0,2020-03-27
13031,Bulloch,2020-03-27 22:14:55,0,0,0,0,2020-03-27
13033,Burke,2020-03-27 22:14:55,3,0,0,0,2020-03-27
13035,Butts,2020-03-27 22:14:55,3,0,0,0,2020-03-27
13037,Calhoun,2020-03-27 22:14:55,2,0,0,0,2020-03-27
13039,Camden,2020-03-27 22:14:55,2,0,0,0,2020-03-27
13043,Candler,2020-03-27 22:14:55,0,0,0,0,2020-03-27
13045,Carroll,2020-03-27 22:14:55,55,0,0,0,2020-03-27
13047,Catoosa,2020-03-27 22:14:55,1,0,0,0,2020-03-27
13049,Charlton,2020-03-27 22:14:55,1,0,0,0,2020-03-27
13051,Chatham,2020-03-27 22:14:55,10,0,0,0,2020-03-27
13053,Chattahoochee,2020-03-27 22:14:55,0,0,0,0,2020-03-27
13055,Chattooga,2020-03-27 22:14:55,1,0,0,0,2020-03-27
13057,Cherokee,2020-03-27 22:14:55,46,0,0,0,2020-03-27
13059,Clarke,2020-03-27 22:14:55,32,1,0,0,2020-03-27
13061,Clay,2020-03-27 22:14:55,0,0,0,0,2020-03-27
13063,Clayton,2020-03-27 22:14:55,46,0,0,0,2020-03-27
13065,Clinch,2020-03-27 22:14:55,1,0,0,0,2020-03-27
13067,Cobb,2020-03-27 22:14:55,144,2,0,0,2020-03-27
13069,Coffee,2020-03-27 22:14:55,3,0,0,0,2020-03-27
13071,Colquitt,2020-03-27 22:14:55,4,0,0,0,2020-03-27
13073,Columbia,2020-03-27 22:14:55,10,0,0,0,2020-03-27
13075,Cook,2020-03-27 22:14:55,0,0,0,0,2020-03-27
13077,Coweta,2020-03-27 22:14:55,19,0,0,0,2020-03-27
13079,Crawford,2020-03-27 22:14:55,0,0,0,0,2020-03-27
13081,Crisp,2020-03-27 22:14:55,4,0,0,0,2020-03-27
13083,Dade,2020-03-27 22:14:55,0,0,0,0,2020-03-27
13085,Dawson,2020-03-27 22:14:55,2,0,0,0,2020-03-27
13089,DeKalb,2020-03-27 22:14:55,181,0,0,0,2020-03-27
13087,Decatur,2020-03-27 22:14:55,2,0,0,0,2020-03-27
13091,Dodge,2020-03-27 22:14:55,1,0,0,0,2020-03-27
13093,Dooly,2020-03-27 22:14:55,0,0,0,0,2020-03-27
13095,Dougherty,2020-03-27 22:14:55,193,12,0,0,2020-03-27
13097,Douglas,2020-03-27 22:14:55,27,0,0,0,2020-03-27
13099,Early,2020-03-27 22:14:55,10,1,0,0,2020-03-27
13101,Echols,2020-03-27 22:14:55,0,0,0,0,2020-03-27
13103,Effingham,2020-03-27 22:14:55,4,0,0,0,2020-03-27
13105,Elbert,2020-03-27 22:14:55,0,0,0,0,2020-03-27
13107,Emanuel,2020-03-27 22:14:55,0,0,0,0,2020-03-27
13109,Evans,2020-03-27 22:14:55,0,0,0,0,2020-03-27
13111,Fannin,2020-03-27 22:14:55,2,0,0,0,2020-03-27
13113,Fayette,2020-03-27 22:14:55,19,1,0,0,2020-03-27
13115,Floyd,2020-03-27 22:14:55,20,1,0,0,2020-03-27
13117,Forsyth,2020-03-27 22:14:55,19,0,0,0,2020-03-27
13119,Franklin,2020-03-27 22:14:55,1,0,0,0,2020-03-27
13121,Fulton,2020-03-27 22:14:55,307,2,0,0,2020-03-27
13123,Gilmer,2020-03-27 22:14:55,0,0,0,0,2020-03-27
13125,Glascock,2020-03-27 22:14:55,0,0,0,0,2020-03-27
13127,Glynn,2020-03-27 22:14:55,6,0,0,0,2020-03-27
13129,Gordon,2020-03-27 22:14:55,12,0,0,0,2020-03-27
13131,Grady,2020-03-27 22:14:55,0,0,0,0,2020-03-27
13133,Greene,2020-03-27 22:14:55,1,0,0,0,2020-03-27
13135,Gwinnett,2020-03-27 22:14:55,102,1,0,0,2020-03-27
13137,Habersham,2020-03-27 22:14:55,1,0,0,0,2020-03-27
13139,Hall,2020-03-27 22:14:55,24,0,0,0,2020-03-27
13141,Hancock,2020-03-27 22:14:55,0,0,0,0,2020-03-27
13143,Haralson,2020-03-27 22:14:55,1,0,0,0,2020-03-27
13145,Harris,2020-03-27 22:14:55,1,0,0,0,2020-03-27
13147,Hart,2020-03-27 22:14:55,0,0,0,0,2020-03-27
13149,Heard,2020-03-27 22:14:55,1,0,0,0,2020-03-27
13151,Henry,2020-03-27 22:14:55,40,0,0,0,2020-03-27
13153,Houston,2020-03-27 22:14:55,9,0,0,0,2020-03-27
13155,Irwin,2020-03-27 22:14:55,3,0,0,0,2020-03-27
13157,Jackson,2020-03-27 22:14:55,2,0,0,0,2020-03-27
13159,Jasper,2020-03-27 22:14:55,2,0,0,0,2020-03-27
13161,Jeff Davis,2020-03-27 22:14:55,0,0,0,0,2020-03-27
13163,Jefferson,2020-03-27 22:14:55,0,0,0,0,2020-03-27
13165,Jenkins,2020-03-27 22:14:55,0,0,0,0,2020-03-27
13167,Johnson,2020-03-27 22:14:55,0,0,0,0,2020-03-27
13169,Jones,2020-03-27 22:14:55,2,0,0,0,2020-03-27
13171,Lamar,2020-03-27 22:14:55,3,0,0,0,2020-03-27
13173,Lanier,2020-03-27 22:14:55,0,0,0,0,2020-03-27
13175,Laurens,2020-03-27 22:14:55,7,0,0,0,2020-03-27
13177,Lee,2020-03-27 22:14:55,35,0,0,0,2020-03-27
13179,Liberty,2020-03-27 22:14:55,1,0,0,0,2020-03-27
13181,Lincoln,2020-03-27 22:14:55,3,0,0,0,2020-03-27
13183,Long,2020-03-27 22:14:55,1,0,0,0,2020-03-27
13185,Lowndes,2020-03-27 22:14:55,16,0,0,0,2020-03-27
13187,Lumpkin,2020-03-27 22:14:55,4,0,0,0,2020-03-27
13193,Macon,2020-03-27 22:14:55,1,0,0,0,2020-03-27
13195,Madison,2020-03-27 22:14:55,3,0,0,0,2020-03-27
13197,Marion,2020-03-27 22:14:55,0,0,0,0,2020-03-27
13189,McDuffie,2020-03-27 22:14:55,0,0,0,0,2020-03-27
13191,McIntosh,2020-03-27 22:14:55,0,0,0,0,2020-03-27
13199,Meriwether,2020-03-27 22:14:55,3,0,0,0,2020-03-27
13201,Miller,2020-03-27 22:14:55,2,0,0,0,2020-03-27
13205,Mitchell,2020-03-27 22:14:55,14,0,0,0,2020-03-27
13207,Monroe,2020-03-27 22:14:55,3,0,0,0,2020-03-27
13209,Montgomery,2020-03-27 22:14:55,0,0,0,0,2020-03-27
13211,Morgan,2020-03-27 22:14:55,1,0,0,0,2020-03-27
13213,Murray,2020-03-27 22:14:55,0,0,0,0,2020-03-27
13215,Muscogee,2020-03-27 22:14:55,8,0,0,0,2020-03-27
13217,Newton,2020-03-27 22:14:55,15,0,0,0,2020-03-27
13219,Oconee,2020-03-27 22:14:55,10,0,0,0,2020-03-27
13221,Oglethorpe,2020-03-27 22:14:55,0,0,0,0,2020-03-27
13223,Paulding,2020-03-27 22:14:55,12,0,0,0,2020-03-27
13225,Peach,2020-03-27 22:14:55,6,0,0,0,2020-03-27
13227,Pickens,2020-03-27 22:14:55,4,0,0,0,2020-03-27
13229,Pierce,2020-03-27 22:14:55,1,0,0,0,2020-03-27
13231,Pike,2020-03-27 22:14:55,0,0,0,0,2020-03-27
13233,Polk,2020-03-27 22:14:55,10,0,0,0,2020-03-27
13235,Pulaski,2020-03-27 22:14:55,1,0,0,0,2020-03-27
13237,Putnam,2020-03-27 22:14:55,0,0,0,0,2020-03-27
13239,Quitman,2020-03-27 22:14:55,0,0,0,0,2020-03-27
13241,Rabun,2020-03-27 22:14:55,0,0,0,0,2020-03-27
13243,Randolph,2020-03-27 22:14:55,3,0,0,0,2020-03-27
13245,Richmond,2020-03-27 22:14:55,11,0,0,0,2020-03-27
13247,Rockdale,2020-03-27 22:14:55,16,0,0,0,2020-03-27
13249,Schley,2020-03-27 22:14:55,0,0,0,0,2020-03-27
13251,Screven,2020-03-27 22:14:55,0,0,0,0,2020-03-27
13253,Seminole,2020-03-27 22:14:55,2,0,0,0,2020-03-27
13255,Spalding,2020-03-27 22:14:55,11,0,0,0,2020-03-27
13257,Stephens,2020-03-27 22:14:55,1,0,0,0,2020-03-27
13259,Stewart,2020-03-27 22:14:55,0,0,0,0,2020-03-27
13261,Sumter,2020-03-27 22:14:55,10,0,0,0,2020-03-27
13263,Talbot,2020-03-27 22:14:55,0,0,0,0,2020-03-27
13265,Taliaferro,2020-03-27 22:14:55,0,0,0,0,2020-03-27
13267,Tattnall,2020-03-27 22:14:55,2,0,0,0,2020-03-27
13269,Taylor,2020-03-27 22:14:55,1,0,0,0,2020-03-27
13271,Telfair,2020-03-27 22:14:55,0,0,0,0,2020-03-27
13273,Terrell,2020-03-27 22:14:55,6,0,0,0,2020-03-27
13275,Thomas,2020-03-27 22:14:55,3,0,0,0,2020-03-27
13277,Tift,2020-03-27 22:14:55,11,0,0,0,2020-03-27
13279,Toombs,2020-03-27 22:14:55,1,0,0,0,2020-03-27
13281,Towns,2020-03-27 22:14:55,0,0,0,0,2020-03-27
13283,Treutlen,2020-03-27 22:14:55,0,0,0,0,2020-03-27
13285,Troup,2020-03-27 22:14:55,11,0,0,0,2020-03-27
13287,Turner,2020-03-27 22:14:55,2,0,0,0,2020-03-27
13289,Twiggs,2020-03-27 22:14:55,2,0,0,0,2020-03-27
0,Unassigned,2020-03-27 22:14:55,217,42,0,0,2020-03-27
13291,Union,2020-03-27 22:14:55,0,0,0,0,2020-03-27
13293,Upson,2020-03-27 22:14:55,2,0,0,0,2020-03-27
13295,Walker,2020-03-27 22:14:55,0,0,0,0,2020-03-27
13297,Walton,2020-03-27 22:14:55,0,0,0,0,2020-03-27
13299,Ware,2020-03-27 22:14:55,2,0,0,0,2020-03-27
13301,Warren,2020-03-27 22:14:55,0,0,0,0,2020-03-27
13303,Washington,2020-03-27 22:14:55,2,0,0,0,2020-03-27
13305,Wayne,2020-03-27 22:14:55,0,0,0,0,2020-03-27
13307,Webster,2020-03-27 22:14:55,0,0,0,0,2020-03-27
13309,Wheeler,2020-03-27 22:14:55,0,0,0,0,2020-03-27
13311,White,2020-03-27 22:14:55,1,0,0,0,2020-03-27
13313,Whitfield,2020-03-27 22:14:55,6,0,0,0,2020-03-27
13315,Wilcox,2020-03-27 22:14:55,0,0,0,0,2020-03-27
13317,Wilkes,2020-03-27 22:14:55,1,0,0,0,2020-03-27
13319,Wilkinson,2020-03-27 22:14:55,0,0,0,0,2020-03-27
13321,Worth,2020-03-27 22:14:55,7,0,0,0,2020-03-27
13001,Appling,2020-03-28 23:05:37,0,0,0,0,2020-03-28
13003,Atkinson,2020-03-28 23:05:37,0,0,0,0,2020-03-28
13005,Bacon,2020-03-28 23:05:37,0,0,0,0,2020-03-28
13007,Baker,2020-03-28 23:05:37,1,1,0,0,2020-03-28
13009,Baldwin,2020-03-28 23:05:37,2,0,0,0,2020-03-28
13011,Banks,2020-03-28 23:05:37,0,0,0,0,2020-03-28
13013,Barrow,2020-03-28 23:05:37,7,1,0,0,2020-03-28
13015,Bartow,2020-03-28 23:05:37,116,1,0,0,2020-03-28
13017,Ben Hill,2020-03-28 23:05:37,2,0,0,0,2020-03-28
13019,Berrien,2020-03-28 23:05:37,0,0,0,0,2020-03-28
13021,Bibb,2020-03-28 23:05:37,11,0,0,0,2020-03-28
13023,Bleckley,2020-03-28 23:05:37,0,0,0,0,2020-03-28
13025,Brantley,2020-03-28 23:05:37,0,0,0,0,2020-03-28
13027,Brooks,2020-03-28 23:05:37,0,0,0,0,2020-03-28
13029,Bryan,2020-03-28 23:05:37,6,0,0,0,2020-03-28
13031,Bulloch,2020-03-28 23:05:37,0,0,0,0,2020-03-28
13033,Burke,2020-03-28 23:05:37,3,0,0,0,2020-03-28
13035,Butts,2020-03-28 23:05:37,5,0,0,0,2020-03-28
13037,Calhoun,2020-03-28 23:05:37,2,0,0,0,2020-03-28
13039,Camden,2020-03-28 23:05:37,2,0,0,0,2020-03-28
13043,Candler,2020-03-28 23:05:37,0,0,0,0,2020-03-28
13045,Carroll,2020-03-28 23:05:37,64,0,0,0,2020-03-28
13047,Catoosa,2020-03-28 23:05:37,1,0,0,0,2020-03-28
13049,Charlton,2020-03-28 23:05:37,1,0,0,0,2020-03-28
13051,Chatham,2020-03-28 23:05:37,15,0,0,0,2020-03-28
13053,Chattahoochee,2020-03-28 23:05:37,1,0,0,0,2020-03-28
13055,Chattooga,2020-03-28 23:05:37,1,0,0,0,2020-03-28
13057,Cherokee,2020-03-28 23:05:37,52,1,0,0,2020-03-28
13059,Clarke,2020-03-28 23:05:37,35,2,0,0,2020-03-28
13061,Clay,2020-03-28 23:05:37,0,0,0,0,2020-03-28
13063,Clayton,2020-03-28 23:05:37,57,1,0,0,2020-03-28
13065,Clinch,2020-03-28 23:05:37,1,0,0,0,2020-03-28
13067,Cobb,2020-03-28 23:05:37,181,8,0,0,2020-03-28
13069,Coffee,2020-03-28 23:05:37,3,0,0,0,2020-03-28
13071,Colquitt,2020-03-28 23:05:37,5,0,0,0,2020-03-28
13073,Columbia,2020-03-28 23:05:37,12,0,0,0,2020-03-28
13075,Cook,2020-03-28 23:05:37,0,0,0,0,2020-03-28
13077,Coweta,2020-03-28 23:05:37,19,2,0,0,2020-03-28
13079,Crawford,2020-03-28 23:05:37,0,0,0,0,2020-03-28
13081,Crisp,2020-03-28 23:05:37,5,0,0,0,2020-03-28
13083,Dade,2020-03-28 23:05:37,0,0,0,0,2020-03-28
13085,Dawson,2020-03-28 23:05:37,2,0,0,0,2020-03-28
13089,DeKalb,2020-03-28 23:05:37,240,2,0,0,2020-03-28
13087,Decatur,2020-03-28 23:05:37,3,0,0,0,2020-03-28
13091,Dodge,2020-03-28 23:05:37,1,0,0,0,2020-03-28
13093,Dooly,2020-03-28 23:05:37,0,0,0,0,2020-03-28
13095,Dougherty,2020-03-28 23:05:37,205,13,0,0,2020-03-28
13097,Douglas,2020-03-28 23:05:37,35,1,0,0,2020-03-28
13099,Early,2020-03-28 23:05:37,15,1,0,0,2020-03-28
13101,Echols,2020-03-28 23:05:37,0,0,0,0,2020-03-28
13103,Effingham,2020-03-28 23:05:37,4,0,0,0,2020-03-28
13105,Elbert,2020-03-28 23:05:37,0,0,0,0,2020-03-28
13107,Emanuel,2020-03-28 23:05:37,0,0,0,0,2020-03-28
13109,Evans,2020-03-28 23:05:37,0,0,0,0,2020-03-28
13111,Fannin,2020-03-28 23:05:37,3,0,0,0,2020-03-28
13113,Fayette,2020-03-28 23:05:37,25,2,0,0,2020-03-28
13115,Floyd,2020-03-28 23:05:37,27,1,0,0,2020-03-28
13117,Forsyth,2020-03-28 23:05:37,21,1,0,0,2020-03-28
13119,Franklin,2020-03-28 23:05:37,2,0,0,0,2020-03-28
13121,Fulton,2020-03-28 23:05:37,373,12,0,0,2020-03-28
13123,Gilmer,2020-03-28 23:05:37,0,0,0,0,2020-03-28
13125,Glascock,2020-03-28 23:05:37,0,0,0,0,2020-03-28
13127,Glynn,2020-03-28 23:05:37,7,0,0,0,2020-03-28
13129,Gordon,2020-03-28 23:05:37,14,1,0,0,2020-03-28
13131,Grady,2020-03-28 23:05:37,0,0,0,0,2020-03-28
13133,Greene,2020-03-28 23:05:37,1,0,0,0,2020-03-28
13135,Gwinnett,2020-03-28 23:05:37,129,1,0,0,2020-03-28
13137,Habersham,2020-03-28 23:05:37,0,0,0,0,2020-03-28
13139,Hall,2020-03-28 23:05:37,31,0,0,0,2020-03-28
13141,Hancock,2020-03-28 23:05:37,0,0,0,0,2020-03-28
13143,Haralson,2020-03-28 23:05:37,1,0,0,0,2020-03-28
13145,Harris,2020-03-28 23:05:37,1,0,0,0,2020-03-28
13147,Hart,2020-03-28 23:05:37,1,0,0,0,2020-03-28
13149,Heard,2020-03-28 23:05:37,1,1,0,0,2020-03-28
13151,Henry,2020-03-28 23:05:37,50,1,0,0,2020-03-28
13153,Houston,2020-03-28 23:05:37,12,1,0,0,2020-03-28
13155,Irwin,2020-03-28 23:05:37,3,0,0,0,2020-03-28
13157,Jackson,2020-03-28 23:05:37,2,0,0,0,2020-03-28
13159,Jasper,2020-03-28 23:05:37,2,0,0,0,2020-03-28
13161,Jeff Davis,2020-03-28 23:05:37,0,0,0,0,2020-03-28
13163,Jefferson,2020-03-28 23:05:37,0,0,0,0,2020-03-28
13165,Jenkins,2020-03-28 23:05:37,1,0,0,0,2020-03-28
13167,Johnson,2020-03-28 23:05:37,0,0,0,0,2020-03-28
13169,Jones,2020-03-28 23:05:37,2,0,0,0,2020-03-28
13171,Lamar,2020-03-28 23:05:37,2,0,0,0,2020-03-28
13173,Lanier,2020-03-28 23:05:37,0,0,0,0,2020-03-28
13175,Laurens,2020-03-28 23:05:37,7,0,0,0,2020-03-28
13177,Lee,2020-03-28 23:05:37,37,5,0,0,2020-03-28
13179,Liberty,2020-03-28 23:05:37,2,0,0,0,2020-03-28
13181,Lincoln,2020-03-28 23:05:37,3,0,0,0,2020-03-28
13183,Long,2020-03-28 23:05:37,1,0,0,0,2020-03-28
13185,Lowndes,2020-03-28 23:05:37,20,1,0,0,2020-03-28
13187,Lumpkin,2020-03-28 23:05:37,4,0,0,0,2020-03-28
13193,Macon,2020-03-28 23:05:37,1,0,0,0,2020-03-28
13195,Madison,2020-03-28 23:05:37,3,0,0,0,2020-03-28
13197,Marion,2020-03-28 23:05:37,0,0,0,0,2020-03-28
13189,McDuffie,2020-03-28 23:05:37,1,0,0,0,2020-03-28
13191,McIntosh,2020-03-28 23:05:37,0,0,0,0,2020-03-28
13199,Meriwether,2020-03-28 23:05:37,3,0,0,0,2020-03-28
13201,Miller,2020-03-28 23:05:37,4,0,0,0,2020-03-28
13205,Mitchell,2020-03-28 23:05:37,14,0,0,0,2020-03-28
13207,Monroe,2020-03-28 23:05:37,3,0,0,0,2020-03-28
13209,Montgomery,2020-03-28 23:05:37,0,0,0,0,2020-03-28
13211,Morgan,2020-03-28 23:05:37,1,0,0,0,2020-03-28
13213,Murray,2020-03-28 23:05:37,2,0,0,0,2020-03-28
13215,Muscogee,2020-03-28 23:05:37,8,0,0,0,2020-03-28
13217,Newton,2020-03-28 23:05:37,15,0,0,0,2020-03-28
13219,Oconee,2020-03-28 23:05:37,10,0,0,0,2020-03-28
13221,Oglethorpe,2020-03-28 23:05:37,0,0,0,0,2020-03-28
13223,Paulding,2020-03-28 23:05:37,19,0,0,0,2020-03-28
13225,Peach,2020-03-28 23:05:37,6,0,0,0,2020-03-28
13227,Pickens,2020-03-28 23:05:37,5,1,0,0,2020-03-28
13229,Pierce,2020-03-28 23:05:37,1,0,0,0,2020-03-28
13231,Pike,2020-03-28 23:05:37,1,0,0,0,2020-03-28
13233,Polk,2020-03-28 23:05:37,10,0,0,0,2020-03-28
13235,Pulaski,2020-03-28 23:05:37,2,0,0,0,2020-03-28
13237,Putnam,2020-03-28 23:05:37,0,0,0,0,2020-03-28
13239,Quitman,2020-03-28 23:05:37,0,0,0,0,2020-03-28
13241,Rabun,2020-03-28 23:05:37,0,0,0,0,2020-03-28
13243,Randolph,2020-03-28 23:05:37,3,0,0,0,2020-03-28
13245,Richmond,2020-03-28 23:05:37,12,0,0,0,2020-03-28
13247,Rockdale,2020-03-28 23:05:37,17,1,0,0,2020-03-28
13249,Schley,2020-03-28 23:05:37,0,0,0,0,2020-03-28
13251,Screven,2020-03-28 23:05:37,0,0,0,0,2020-03-28
13253,Seminole,2020-03-28 23:05:37,3,0,0,0,2020-03-28
13255,Spalding,2020-03-28 23:05:37,11,0,0,0,2020-03-28
13257,Stephens,2020-03-28 23:05:37,2,0,0,0,2020-03-28
13259,Stewart,2020-03-28 23:05:37,0,0,0,0,2020-03-28
13261,Sumter,2020-03-28 23:05:37,11,0,0,0,2020-03-28
13263,Talbot,2020-03-28 23:05:37,0,0,0,0,2020-03-28
13265,Taliaferro,2020-03-28 23:05:37,0,0,0,0,2020-03-28
13267,Tattnall,2020-03-28 23:05:37,2,0,0,0,2020-03-28
13269,Taylor,2020-03-28 23:05:37,1,0,0,0,2020-03-28
13271,Telfair,2020-03-28 23:05:37,0,0,0,0,2020-03-28
13273,Terrell,2020-03-28 23:05:37,6,2,0,0,2020-03-28
13275,Thomas,2020-03-28 23:05:37,6,0,0,0,2020-03-28
13277,Tift,2020-03-28 23:05:37,13,0,0,0,2020-03-28
13279,Toombs,2020-03-28 23:05:37,1,0,0,0,2020-03-28
13281,Towns,2020-03-28 23:05:37,0,0,0,0,2020-03-28
13283,Treutlen,2020-03-28 23:05:37,0,0,0,0,2020-03-28
13285,Troup,2020-03-28 23:05:37,9,1,0,0,2020-03-28
13287,Turner,2020-03-28 23:05:37,2,0,0,0,2020-03-28
13289,Twiggs,2020-03-28 23:05:37,2,0,0,0,2020-03-28
0,Unassigned,2020-03-28 23:05:37,230,2,0,0,2020-03-28
13291,Union,2020-03-28 23:05:37,0,0,0,0,2020-03-28
13293,Upson,2020-03-28 23:05:37,4,0,0,0,2020-03-28
13295,Walker,2020-03-28 23:05:37,0,0,0,0,2020-03-28
13297,Walton,2020-03-28 23:05:37,2,0,0,0,2020-03-28
13299,Ware,2020-03-28 23:05:37,2,0,0,0,2020-03-28
13301,Warren,2020-03-28 23:05:37,0,0,0,0,2020-03-28
13303,Washington,2020-03-28 23:05:37,2,0,0,0,2020-03-28
13305,Wayne,2020-03-28 23:05:37,0,0,0,0,2020-03-28
13307,Webster,2020-03-28 23:05:37,0,0,0,0,2020-03-28
13309,Wheeler,2020-03-28 23:05:37,0,0,0,0,2020-03-28
13311,White,2020-03-28 23:05:37,1,0,0,0,2020-03-28
13313,Whitfield,2020-03-28 23:05:37,6,0,0,0,2020-03-28
13315,Wilcox,2020-03-28 23:05:37,0,0,0,0,2020-03-28
13317,Wilkes,2020-03-28 23:05:37,1,0,0,0,2020-03-28
13319,Wilkinson,2020-03-28 23:05:37,0,0,0,0,2020-03-28
13321,Worth,2020-03-28 23:05:37,8,1,0,0,2020-03-28
13001,Appling,2020-03-29 23:08:25,0,0,0,0,2020-03-29
13003,Atkinson,2020-03-29 23:08:25,0,0,0,0,2020-03-29
13005,Bacon,2020-03-29 23:08:25,1,0,0,0,2020-03-29
13007,Baker,2020-03-29 23:08:25,1,1,0,0,2020-03-29
13009,Baldwin,2020-03-29 23:08:25,2,0,0,0,2020-03-29
13011,Banks,2020-03-29 23:08:25,0,0,0,0,2020-03-29
13013,Barrow,2020-03-29 23:08:25,7,1,0,0,2020-03-29
13015,Bartow,2020-03-29 23:08:25,119,1,0,0,2020-03-29
13017,Ben Hill,2020-03-29 23:08:25,2,0,0,0,2020-03-29
13019,Berrien,2020-03-29 23:08:25,0,0,0,0,2020-03-29
13021,Bibb,2020-03-29 23:08:25,13,0,0,0,2020-03-29
13023,Bleckley,2020-03-29 23:08:25,0,0,0,0,2020-03-29
13025,Brantley,2020-03-29 23:08:25,0,0,0,0,2020-03-29
13027,Brooks,2020-03-29 23:08:25,1,0,0,0,2020-03-29
13029,Bryan,2020-03-29 23:08:25,7,0,0,0,2020-03-29
13031,Bulloch,2020-03-29 23:08:25,1,0,0,0,2020-03-29
13033,Burke,2020-03-29 23:08:25,4,0,0,0,2020-03-29
13035,Butts,2020-03-29 23:08:25,5,0,0,0,2020-03-29
13037,Calhoun,2020-03-29 23:08:25,3,0,0,0,2020-03-29
13039,Camden,2020-03-29 23:08:25,2,0,0,0,2020-03-29
13043,Candler,2020-03-29 23:08:25,1,0,0,0,2020-03-29
13045,Carroll,2020-03-29 23:08:25,64,0,0,0,2020-03-29
13047,Catoosa,2020-03-29 23:08:25,3,0,0,0,2020-03-29
13049,Charlton,2020-03-29 23:08:25,1,0,0,0,2020-03-29
13051,Chatham,2020-03-29 23:08:25,15,0,0,0,2020-03-29
13053,Chattahoochee,2020-03-29 23:08:25,1,0,0,0,2020-03-29
13055,Chattooga,2020-03-29 23:08:25,1,0,0,0,2020-03-29
13057,Cherokee,2020-03-29 23:08:25,56,1,0,0,2020-03-29
13059,Clarke,2020-03-29 23:08:25,35,2,0,0,2020-03-29
13061,Clay,2020-03-29 23:08:25,0,0,0,0,2020-03-29
13063,Clayton,2020-03-29 23:08:25,59,1,0,0,2020-03-29
13065,Clinch,2020-03-29 23:08:25,1,0,0,0,2020-03-29
13067,Cobb,2020-03-29 23:08:25,222,9,0,0,2020-03-29
13069,Coffee,2020-03-29 23:08:25,8,0,0,0,2020-03-29
13071,Colquitt,2020-03-29 23:08:25,6,0,0,0,2020-03-29
13073,Columbia,2020-03-29 23:08:25,12,0,0,0,2020-03-29
13075,Cook,2020-03-29 23:08:25,0,0,0,0,2020-03-29
13077,Coweta,2020-03-29 23:08:25,22,2,0,0,2020-03-29
13079,Crawford,2020-03-29 23:08:25,0,0,0,0,2020-03-29
13081,Crisp,2020-03-29 23:08:25,6,0,0,0,2020-03-29
13083,Dade,2020-03-29 23:08:25,0,0,0,0,2020-03-29
13085,Dawson,2020-03-29 23:08:25,2,0,0,0,2020-03-29
13089,DeKalb,2020-03-29 23:08:25,272,3,0,0,2020-03-29
13087,Decatur,2020-03-29 23:08:25,4,0,0,0,2020-03-29
13091,Dodge,2020-03-29 23:08:25,1,0,0,0,2020-03-29
13093,Dooly,2020-03-29 23:08:25,0,0,0,0,2020-03-29
13095,Dougherty,2020-03-29 23:08:25,239,17,0,0,2020-03-29
13097,Douglas,2020-03-29 23:08:25,37,1,0,0,2020-03-29
13099,Early,2020-03-29 23:08:25,16,1,0,0,2020-03-29
13101,Echols,2020-03-29 23:08:25,0,0,0,0,2020-03-29
13103,Effingham,2020-03-29 23:08:25,4,0,0,0,2020-03-29
13105,Elbert,2020-03-29 23:08:25,0,0,0,0,2020-03-29
13107,Emanuel,2020-03-29 23:08:25,0,0,0,0,2020-03-29
13109,Evans,2020-03-29 23:08:25,0,0,0,0,2020-03-29
13111,Fannin,2020-03-29 23:08:25,3,0,0,0,2020-03-29
13113,Fayette,2020-03-29 23:08:25,26,3,0,0,2020-03-29
13115,Floyd,2020-03-29 23:08:25,27,2,0,0,2020-03-29
13117,Forsyth,2020-03-29 23:08:25,25,1,0,0,2020-03-29
13119,Franklin,2020-03-29 23:08:25,2,0,0,0,2020-03-29
13121,Fulton,2020-03-29 23:08:25,407,13,0,0,2020-03-29
13123,Gilmer,2020-03-29 23:08:25,0,0,0,0,2020-03-29
13125,Glascock,2020-03-29 23:08:25,0,0,0,0,2020-03-29
13127,Glynn,2020-03-29 23:08:25,8,0,0,0,2020-03-29
13129,Gordon,2020-03-29 23:08:25,14,1,0,0,2020-03-29
13131,Grady,2020-03-29 23:08:25,0,0,0,0,2020-03-29
13133,Greene,2020-03-29 23:08:25,1,0,0,0,2020-03-29
13135,Gwinnett,2020-03-29 23:08:25,143,1,0,0,2020-03-29
13137,Habersham,2020-03-29 23:08:25,0,0,0,0,2020-03-29
13139,Hall,2020-03-29 23:08:25,32,0,0,0,2020-03-29
13141,Hancock,2020-03-29 23:08:25,0,0,0,0,2020-03-29
13143,Haralson,2020-03-29 23:08:25,2,0,0,0,2020-03-29
13145,Harris,2020-03-29 23:08:25,2,0,0,0,2020-03-29
13147,Hart,2020-03-29 23:08:25,1,0,0,0,2020-03-29
13149,Heard,2020-03-29 23:08:25,1,1,0,0,2020-03-29
13151,Henry,2020-03-29 23:08:25,55,1,0,0,2020-03-29
13153,Houston,2020-03-29 23:08:25,15,1,0,0,2020-03-29
13155,Irwin,2020-03-29 23:08:25,3,0,0,0,2020-03-29
13157,Jackson,2020-03-29 23:08:25,2,0,0,0,2020-03-29
13159,Jasper,2020-03-29 23:08:25,2,0,0,0,2020-03-29
13161,Jeff Davis,2020-03-29 23:08:25,0,0,0,0,2020-03-29
13163,Jefferson,2020-03-29 23:08:25,0,0,0,0,2020-03-29
13165,Jenkins,2020-03-29 23:08:25,1,0,0,0,2020-03-29
13167,Johnson,2020-03-29 23:08:25,0,0,0,0,2020-03-29
13169,Jones,2020-03-29 23:08:25,2,0,0,0,2020-03-29
13171,Lamar,2020-03-29 23:08:25,2,0,0,0,2020-03-29
13173,Lanier,2020-03-29 23:08:25,0,0,0,0,2020-03-29
13175,Laurens,2020-03-29 23:08:25,9,0,0,0,2020-03-29
13177,Lee,2020-03-29 23:08:25,43,6,0,0,2020-03-29
13179,Liberty,2020-03-29 23:08:25,3,0,0,0,2020-03-29
13181,Lincoln,2020-03-29 23:08:25,3,0,0,0,2020-03-29
13183,Long,2020-03-29 23:08:25,1,0,0,0,2020-03-29
13185,Lowndes,2020-03-29 23:08:25,20,1,0,0,2020-03-29
13187,Lumpkin,2020-03-29 23:08:25,4,0,0,0,2020-03-29
13193,Macon,2020-03-29 23:08:25,1,0,0,0,2020-03-29
13195,Madison,2020-03-29 23:08:25,3,0,0,0,2020-03-29
13197,Marion,2020-03-29 23:08:25,0,0,0,0,2020-03-29
13189,McDuffie,2020-03-29 23:08:25,1,0,0,0,2020-03-29
13191,McIntosh,2020-03-29 23:08:25,0,0,0,0,2020-03-29
13199,Meriwether,2020-03-29 23:08:25,5,0,0,0,2020-03-29
13201,Miller,2020-03-29 23:08:25,4,0,0,0,2020-03-29
13205,Mitchell,2020-03-29 23:08:25,15,0,0,0,2020-03-29
13207,Monroe,2020-03-29 23:08:25,3,0,0,0,2020-03-29
13209,Montgomery,2020-03-29 23:08:25,0,0,0,0,2020-03-29
13211,Morgan,2020-03-29 23:08:25,1,0,0,0,2020-03-29
13213,Murray,2020-03-29 23:08:25,3,0,0,0,2020-03-29
13215,Muscogee,2020-03-29 23:08:25,8,0,0,0,2020-03-29
13217,Newton,2020-03-29 23:08:25,17,0,0,0,2020-03-29
13219,Oconee,2020-03-29 23:08:25,11,0,0,0,2020-03-29
13221,Oglethorpe,2020-03-29 23:08:25,0,0,0,0,2020-03-29
13223,Paulding,2020-03-29 23:08:25,23,0,0,0,2020-03-29
13225,Peach,2020-03-29 23:08:25,6,0,0,0,2020-03-29
13227,Pickens,2020-03-29 23:08:25,5,1,0,0,2020-03-29
13229,Pierce,2020-03-29 23:08:25,2,0,0,0,2020-03-29
13231,Pike,2020-03-29 23:08:25,2,0,0,0,2020-03-29
13233,Polk,2020-03-29 23:08:25,10,0,0,0,2020-03-29
13235,Pulaski,2020-03-29 23:08:25,3,0,0,0,2020-03-29
13237,Putnam,2020-03-29 23:08:25,0,0,0,0,2020-03-29
13239,Quitman,2020-03-29 23:08:25,0,0,0,0,2020-03-29
13241,Rabun,2020-03-29 23:08:25,0,0,0,0,2020-03-29
13243,Randolph,2020-03-29 23:08:25,3,0,0,0,2020-03-29
13245,Richmond,2020-03-29 23:08:25,12,0,0,0,2020-03-29
13247,Rockdale,2020-03-29 23:08:25,18,1,0,0,2020-03-29
13249,Schley,2020-03-29 23:08:25,0,0,0,0,2020-03-29
13251,Screven,2020-03-29 23:08:25,0,0,0,0,2020-03-29
13253,Seminole,2020-03-29 23:08:25,3,0,0,0,2020-03-29
13255,Spalding,2020-03-29 23:08:25,12,0,0,0,2020-03-29
13257,Stephens,2020-03-29 23:08:25,3,0,0,0,2020-03-29
13259,Stewart,2020-03-29 23:08:25,0,0,0,0,2020-03-29
13261,Sumter,2020-03-29 23:08:25,15,1,0,0,2020-03-29
13263,Talbot,2020-03-29 23:08:25,0,0,0,0,2020-03-29
13265,Taliaferro,2020-03-29 23:08:25,0,0,0,0,2020-03-29
13267,Tattnall,2020-03-29 23:08:25,2,0,0,0,2020-03-29
13269,Taylor,2020-03-29 23:08:25,1,0,0,0,2020-03-29
13271,Telfair,2020-03-29 23:08:25,0,0,0,0,2020-03-29
13273,Terrell,2020-03-29 23:08:25,10,2,0,0,2020-03-29
13275,Thomas,2020-03-29 23:08:25,7,0,0,0,2020-03-29
13277,Tift,2020-03-29 23:08:25,13,0,0,0,2020-03-29
13279,Toombs,2020-03-29 23:08:25,1,0,0,0,2020-03-29
13281,Towns,2020-03-29 23:08:25,0,0,0,0,2020-03-29
13283,Treutlen,2020-03-29 23:08:25,0,0,0,0,2020-03-29
13285,Troup,2020-03-29 23:08:25,9,1,0,0,2020-03-29
13287,Turner,2020-03-29 23:08:25,2,0,0,0,2020-03-29
13289,Twiggs,2020-03-29 23:08:25,2,0,0,0,2020-03-29
0,Unassigned,2020-03-29 23:08:25,262,2,0,0,2020-03-29
13291,Union,2020-03-29 23:08:25,0,0,0,0,2020-03-29
13293,Upson,2020-03-29 23:08:25,5,0,0,0,2020-03-29
13295,Walker,2020-03-29 23:08:25,0,0,0,0,2020-03-29
13297,Walton,2020-03-29 23:08:25,5,0,0,0,2020-03-29
13299,Ware,2020-03-29 23:08:25,5,0,0,0,2020-03-29
13301,Warren,2020-03-29 23:08:25,0,0,0,0,2020-03-29
13303,Washington,2020-03-29 23:08:25,2,0,0,0,2020-03-29
13305,Wayne,2020-03-29 23:08:25,0,0,0,0,2020-03-29
13307,Webster,2020-03-29 23:08:25,0,0,0,0,2020-03-29
13309,Wheeler,2020-03-29 23:08:25,1,0,0,0,2020-03-29
13311,White,2020-03-29 23:08:25,1,0,0,0,2020-03-29
13313,Whitfield,2020-03-29 23:08:25,8,0,0,0,2020-03-29
13315,Wilcox,2020-03-29 23:08:25,0,0,0,0,2020-03-29
13317,Wilkes,2020-03-29 23:08:25,1,0,0,0,2020-03-29
13319,Wilkinson,2020-03-29 23:08:25,0,0,0,0,2020-03-29
13321,Worth,2020-03-29 23:08:25,10,1,0,0,2020-03-29
