County,fips,Date,Day,Confirmed,Deaths,Recovered,Active,Fatality_Rate,nConfirmed_Change,nDeaths_Change,nRecovered_Change,pConfirmed_Change,pDeaths_Change,pRecovered_Change
Appling,13001,2020-03-22,19,0,0,0,0,0.0,0,0,0,0.0,0.0,0
Appling,13001,2020-03-23,20,0,0,0,0,0.0,0,0,0,0.0,0.0,0
Appling,13001,2020-03-24,21,0,0,0,0,0.0,0,0,0,0.0,0.0,0
Appling,13001,2020-03-25,22,1,0,0,0,0.0,1,0,0,0.0,0.0,0
Appling,13001,2020-03-26,23,0,0,0,0,0.0,-1,0,0,-100.0,0.0,0
Appling,13001,2020-03-27,24,0,0,0,0,0.0,0,0,0,0.0,0.0,0
Appling,13001,2020-03-28,25,0,0,0,0,0.0,0,0,0,0.0,0.0,0
Atkinson,13003,2020-03-22,19,0,0,0,0,0.0,0,0,0,0.0,0.0,0
Atkinson,13003,2020-03-23,20,0,0,0,0,0.0,0,0,0,0.0,0.0,0
Atkinson,13003,2020-03-24,21,0,0,0,0,0.0,0,0,0,0.0,0.0,0
Atkinson,13003,2020-03-25,22,0,0,0,0,0.0,0,0,0,0.0,0.0,0
Atkinson,13003,2020-03-26,23,0,0,0,0,0.0,0,0,0,0.0,0.0,0
Atkinson,13003,2020-03-27,24,0,0,0,0,0.0,0,0,0,0.0,0.0,0
Atkinson,13003,2020-03-28,25,0,0,0,0,0.0,0,0,0,0.0,0.0,0
Bacon,13005,2020-03-22,19,0,0,0,0,0.0,0,0,0,0.0,0.0,0
Bacon,13005,2020-03-23,20,0,0,0,0,0.0,0,0,0,0.0,0.0,0
Bacon,13005,2020-03-24,21,0,0,0,0,0.0,0,0,0,0.0,0.0,0
Bacon,13005,2020-03-25,22,0,0,0,0,0.0,0,0,0,0.0,0.0,0
Bacon,13005,2020-03-26,23,0,0,0,0,0.0,0,0,0,0.0,0.0,0
Bacon,13005,2020-03-27,24,0,0,0,0,0.0,0,0,0,0.0,0.0,0
Bacon,13005,2020-03-28,25,0,0,0,0,0.0,0,0,0,0.0,0.0,0
Baker,13007,2020-03-22,19,0,0,0,0,0.0,0,0,0,0.0,0.0,0
Baker,13007,2020-03-23,20,0,0,0,0,0.0,0,0,0,0.0,0.0,0
Baker,13007,2020-03-24,21,2,0,0,0,0.0,2,0,0,0.0,0.0,0
Baker,13007,2020-03-25,22,3,0,0,0,0.0,1,0,0,50.0,0.0,0
Baker,13007,2020-03-26,23,1,0,0,0,0.0,-2,0,0,-66.67,0.0,0
Baker,13007,2020-03-27,24,1,0,0,0,0.0,0,0,0,0.0,0.0,0
Baker,13007,2020-03-28,25,1,1,0,0,100.0,0,1,0,0.0,0.0,0
Baldwin,13009,2020-03-22,19,2,0,0,0,0.0,0,0,0,0.0,0.0,0
Baldwin,13009,2020-03-23,20,2,0,0,0,0.0,0,0,0,0.0,0.0,0
Baldwin,13009,2020-03-24,21,2,0,0,0,0.0,0,0,0,0.0,0.0,0
Baldwin,13009,2020-03-25,22,2,0,0,0,0.0,0,0,0,0.0,0.0,0
Baldwin,13009,2020-03-26,23,2,0,0,0,0.0,0,0,0,0.0,0.0,0
Baldwin,13009,2020-03-27,24,2,0,0,0,0.0,0,0,0,0.0,0.0,0
Baldwin,13009,2020-03-28,25,2,0,0,0,0.0,0,0,0,0.0,0.0,0
Banks,13011,2020-03-22,19,0,0,0,0,0.0,0,0,0,0.0,0.0,0
Banks,13011,2020-03-23,20,0,0,0,0,0.0,0,0,0,0.0,0.0,0
Banks,13011,2020-03-24,21,0,0,0,0,0.0,0,0,0,0.0,0.0,0
Banks,13011,2020-03-25,22,0,0,0,0,0.0,0,0,0,0.0,0.0,0
Banks,13011,2020-03-26,23,0,0,0,0,0.0,0,0,0,0.0,0.0,0
Banks,13011,2020-03-27,24,0,0,0,0,0.0,0,0,0,0.0,0.0,0
Banks,13011,2020-03-28,25,0,0,0,0,0.0,0,0,0,0.0,0.0,0
Barrow,13013,2020-03-22,19,1,0,0,0,0.0,0,0,0,0.0,0.0,0
Barrow,13013,2020-03-23,20,1,0,0,0,0.0,0,0,0,0.0,0.0,0
Barrow,13013,2020-03-24,21,1,0,0,0,0.0,0,0,0,0.0,0.0,0
Barrow,13013,2020-03-25,22,2,0,0,0,0.0,1,0,0,100.0,0.0,0
Barrow,13013,2020-03-26,23,4,0,0,0,0.0,2,0,0,100.0,0.0,0
Barrow,13013,2020-03-27,24,6,0,0,0,0.0,2,0,0,50.0,0.0,0
Barrow,13013,2020-03-28,25,7,1,0,0,14.29,1,1,0,16.67,0.0,0
Bartow,13015,2020-03-22,19,56,1,0,0,1.79,0,0,0,0.0,0.0,0
Bartow,13015,2020-03-23,20,61,1,0,0,1.64,5,0,0,8.93,0.0,0
Bartow,13015,2020-03-24,21,74,1,0,0,1.35,13,0,0,21.31,0.0,0
Bartow,13015,2020-03-25,22,78,1,0,0,1.28,4,0,0,5.41,0.0,0
Bartow,13015,2020-03-26,23,86,1,0,0,1.16,8,0,0,10.26,0.0,0
Bartow,13015,2020-03-27,24,98,1,0,0,1.02,12,0,0,13.95,0.0,0
Bartow,13015,2020-03-28,25,116,1,0,0,0.86,18,0,0,18.37,0.0,0
Ben Hill,13017,2020-03-22,19,0,0,0,0,0.0,0,0,0,0.0,0.0,0
Ben Hill,13017,2020-03-23,20,0,0,0,0,0.0,0,0,0,0.0,0.0,0
Ben Hill,13017,2020-03-24,21,1,0,0,0,0.0,1,0,0,0.0,0.0,0
Ben Hill,13017,2020-03-25,22,1,0,0,0,0.0,0,0,0,0.0,0.0,0
Ben Hill,13017,2020-03-26,23,1,0,0,0,0.0,0,0,0,0.0,0.0,0
Ben Hill,13017,2020-03-27,24,2,0,0,0,0.0,1,0,0,100.0,0.0,0
Ben Hill,13017,2020-03-28,25,2,0,0,0,0.0,0,0,0,0.0,0.0,0
Berrien,13019,2020-03-22,19,0,0,0,0,0.0,0,0,0,0.0,0.0,0
Berrien,13019,2020-03-23,20,0,0,0,0,0.0,0,0,0,0.0,0.0,0
Berrien,13019,2020-03-24,21,0,0,0,0,0.0,0,0,0,0.0,0.0,0
Berrien,13019,2020-03-25,22,0,0,0,0,0.0,0,0,0,0.0,0.0,0
Berrien,13019,2020-03-26,23,0,0,0,0,0.0,0,0,0,0.0,0.0,0
Berrien,13019,2020-03-27,24,0,0,0,0,0.0,0,0,0,0.0,0.0,0
Berrien,13019,2020-03-28,25,0,0,0,0,0.0,0,0,0,0.0,0.0,0
Bibb,13021,2020-03-22,19,1,0,0,0,0.0,0,0,0,0.0,0.0,0
Bibb,13021,2020-03-23,20,2,0,0,0,0.0,1,0,0,100.0,0.0,0
Bibb,13021,2020-03-24,21,4,0,0,0,0.0,2,0,0,100.0,0.0,0
Bibb,13021,2020-03-25,22,6,0,0,0,0.0,2,0,0,50.0,0.0,0
Bibb,13021,2020-03-26,23,8,0,0,0,0.0,2,0,0,33.33,0.0,0
Bibb,13021,2020-03-27,24,10,0,0,0,0.0,2,0,0,25.0,0.0,0
Bibb,13021,2020-03-28,25,11,0,0,0,0.0,1,0,0,10.0,0.0,0
Bleckley,13023,2020-03-22,19,0,0,0,0,0.0,0,0,0,0.0,0.0,0
Bleckley,13023,2020-03-23,20,0,0,0,0,0.0,0,0,0,0.0,0.0,0
Bleckley,13023,2020-03-24,21,0,0,0,0,0.0,0,0,0,0.0,0.0,0
Bleckley,13023,2020-03-25,22,0,0,0,0,0.0,0,0,0,0.0,0.0,0
Bleckley,13023,2020-03-26,23,0,0,0,0,0.0,0,0,0,0.0,0.0,0
Bleckley,13023,2020-03-27,24,0,0,0,0,0.0,0,0,0,0.0,0.0,0
Bleckley,13023,2020-03-28,25,0,0,0,0,0.0,0,0,0,0.0,0.0,0
Brantley,13025,2020-03-22,19,0,0,0,0,0.0,0,0,0,0.0,0.0,0
Brantley,13025,2020-03-23,20,0,0,0,0,0.0,0,0,0,0.0,0.0,0
Brantley,13025,2020-03-24,21,0,0,0,0,0.0,0,0,0,0.0,0.0,0
Brantley,13025,2020-03-25,22,0,0,0,0,0.0,0,0,0,0.0,0.0,0
Brantley,13025,2020-03-26,23,0,0,0,0,0.0,0,0,0,0.0,0.0,0
Brantley,13025,2020-03-27,24,0,0,0,0,0.0,0,0,0,0.0,0.0,0
Brantley,13025,2020-03-28,25,0,0,0,0,0.0,0,0,0,0.0,0.0,0
Brooks,13027,2020-03-22,19,0,0,0,0,0.0,0,0,0,0.0,0.0,0
Brooks,13027,2020-03-23,20,0,0,0,0,0.0,0,0,0,0.0,0.0,0
Brooks,13027,2020-03-24,21,0,0,0,0,0.0,0,0,0,0.0,0.0,0
Brooks,13027,2020-03-25,22,0,0,0,0,0.0,0,0,0,0.0,0.0,0
Brooks,13027,2020-03-26,23,0,0,0,0,0.0,0,0,0,0.0,0.0,0
Brooks,13027,2020-03-27,24,0,0,0,0,0.0,0,0,0,0.0,0.0,0
Brooks,13027,2020-03-28,25,0,0,0,0,0.0,0,0,0,0.0,0.0,0
Bryan,13029,2020-03-22,19,0,0,0,0,0.0,0,0,0,0.0,0.0,0
Bryan,13029,2020-03-23,20,0,0,0,0,0.0,0,0,0,0.0,0.0,0
Bryan,13029,2020-03-24,21,2,0,0,0,0.0,2,0,0,0.0,0.0,0
Bryan,13029,2020-03-25,22,2,0,0,0,0.0,0,0,0,0.0,0.0,0
Bryan,13029,2020-03-26,23,3,0,0,0,0.0,1,0,0,50.0,0.0,0
Bryan,13029,2020-03-27,24,4,0,0,0,0.0,1,0,0,33.33,0.0,0
Bryan,13029,2020-03-28,25,6,0,0,0,0.0,2,0,0,50.0,0.0,0
Bulloch,13031,2020-03-22,19,0,0,0,0,0.0,0,0,0,0.0,0.0,0
Bulloch,13031,2020-03-23,20,0,0,0,0,0.0,0,0,0,0.0,0.0,0
Bulloch,13031,2020-03-24,21,0,0,0,0,0.0,0,0,0,0.0,0.0,0
Bulloch,13031,2020-03-25,22,0,0,0,0,0.0,0,0,0,0.0,0.0,0
Bulloch,13031,2020-03-26,23,0,0,0,0,0.0,0,0,0,0.0,0.0,0
Bulloch,13031,2020-03-27,24,0,0,0,0,0.0,0,0,0,0.0,0.0,0
Bulloch,13031,2020-03-28,25,0,0,0,0,0.0,0,0,0,0.0,0.0,0
Burke,13033,2020-03-22,19,0,0,0,0,0.0,0,0,0,0.0,0.0,0
Burke,13033,2020-03-23,20,0,0,0,0,0.0,0,0,0,0.0,0.0,0
Burke,13033,2020-03-24,21,1,0,0,0,0.0,1,0,0,0.0,0.0,0
Burke,13033,2020-03-25,22,1,0,0,0,0.0,0,0,0,0.0,0.0,0
Burke,13033,2020-03-26,23,1,0,0,0,0.0,0,0,0,0.0,0.0,0
Burke,13033,2020-03-27,24,3,0,0,0,0.0,2,0,0,200.0,0.0,0
Burke,13033,2020-03-28,25,3,0,0,0,0.0,0,0,0,0.0,0.0,0
Butts,13035,2020-03-22,19,1,0,0,0,0.0,0,0,0,0.0,0.0,0
Butts,13035,2020-03-23,20,2,0,0,0,0.0,1,0,0,100.0,0.0,0
Butts,13035,2020-03-24,21,2,0,0,0,0.0,0,0,0,0.0,0.0,0
Butts,13035,2020-03-25,22,2,0,0,0,0.0,0,0,0,0.0,0.0,0
Butts,13035,2020-03-26,23,3,0,0,0,0.0,1,0,0,50.0,0.0,0
Butts,13035,2020-03-27,24,3,0,0,0,0.0,0,0,0,0.0,0.0,0
Butts,13035,2020-03-28,25,5,0,0,0,0.0,2,0,0,66.67,0.0,0
Calhoun,13037,2020-03-22,19,0,0,0,0,0.0,0,0,0,0.0,0.0,0
Calhoun,13037,2020-03-23,20,0,0,0,0,0.0,0,0,0,0.0,0.0,0
Calhoun,13037,2020-03-24,21,0,0,0,0,0.0,0,0,0,0.0,0.0,0
Calhoun,13037,2020-03-25,22,0,0,0,0,0.0,0,0,0,0.0,0.0,0
Calhoun,13037,2020-03-26,23,0,0,0,0,0.0,0,0,0,0.0,0.0,0
Calhoun,13037,2020-03-27,24,2,0,0,0,0.0,2,0,0,0.0,0.0,0
Calhoun,13037,2020-03-28,25,2,0,0,0,0.0,0,0,0,0.0,0.0,0
Camden,13039,2020-03-22,19,0,0,0,0,0.0,0,0,0,0.0,0.0,0
Camden,13039,2020-03-23,20,0,0,0,0,0.0,0,0,0,0.0,0.0,0
Camden,13039,2020-03-24,21,1,0,0,0,0.0,1,0,0,0.0,0.0,0
Camden,13039,2020-03-25,22,1,0,0,0,0.0,0,0,0,0.0,0.0,0
Camden,13039,2020-03-26,23,2,0,0,0,0.0,1,0,0,100.0,0.0,0
Camden,13039,2020-03-27,24,2,0,0,0,0.0,0,0,0,0.0,0.0,0
Camden,13039,2020-03-28,25,2,0,0,0,0.0,0,0,0,0.0,0.0,0
Candler,13043,2020-03-22,19,0,0,0,0,0.0,0,0,0,0.0,0.0,0
Candler,13043,2020-03-23,20,0,0,0,0,0.0,0,0,0,0.0,0.0,0
Candler,13043,2020-03-24,21,0,0,0,0,0.0,0,0,0,0.0,0.0,0
Candler,13043,2020-03-25,22,0,0,0,0,0.0,0,0,0,0.0,0.0,0
Candler,13043,2020-03-26,23,0,0,0,0,0.0,0,0,0,0.0,0.0,0
Candler,13043,2020-03-27,24,0,0,0,0,0.0,0,0,0,0.0,0.0,0
Candler,13043,2020-03-28,25,0,0,0,0,0.0,0,0,0,0.0,0.0,0
Carroll,13045,2020-03-22,19,16,0,0,0,0.0,0,0,0,0.0,0.0,0
Carroll,13045,2020-03-23,20,21,0,0,0,0.0,5,0,0,31.25,0.0,0
Carroll,13045,2020-03-24,21,26,0,0,0,0.0,5,0,0,23.81,0.0,0
Carroll,13045,2020-03-25,22,27,0,0,0,0.0,1,0,0,3.85,0.0,0
Carroll,13045,2020-03-26,23,50,0,0,0,0.0,23,0,0,85.19,0.0,0
Carroll,13045,2020-03-27,24,55,0,0,0,0.0,5,0,0,10.0,0.0,0
Carroll,13045,2020-03-28,25,64,0,0,0,0.0,9,0,0,16.36,0.0,0
Catoosa,13047,2020-03-22,19,0,0,0,0,0.0,0,0,0,0.0,0.0,0
Catoosa,13047,2020-03-23,20,1,0,0,0,0.0,1,0,0,0.0,0.0,0
Catoosa,13047,2020-03-24,21,1,0,0,0,0.0,0,0,0,0.0,0.0,0
Catoosa,13047,2020-03-25,22,1,0,0,0,0.0,0,0,0,0.0,0.0,0
Catoosa,13047,2020-03-26,23,1,0,0,0,0.0,0,0,0,0.0,0.0,0
Catoosa,13047,2020-03-27,24,1,0,0,0,0.0,0,0,0,0.0,0.0,0
Catoosa,13047,2020-03-28,25,1,0,0,0,0.0,0,0,0,0.0,0.0,0
Charlton,13049,2020-03-22,19,1,0,0,0,0.0,0,0,0,0.0,0.0,0
Charlton,13049,2020-03-23,20,1,0,0,0,0.0,0,0,0,0.0,0.0,0
Charlton,13049,2020-03-24,21,1,0,0,0,0.0,0,0,0,0.0,0.0,0
Charlton,13049,2020-03-25,22,1,0,0,0,0.0,0,0,0,0.0,0.0,0
Charlton,13049,2020-03-26,23,1,0,0,0,0.0,0,0,0,0.0,0.0,0
Charlton,13049,2020-03-27,24,1,0,0,0,0.0,0,0,0,0.0,0.0,0
Charlton,13049,2020-03-28,25,1,0,0,0,0.0,0,0,0,0.0,0.0,0
Chatham,13051,2020-03-22,19,4,0,0,0,0.0,0,0,0,0.0,0.0,0
Chatham,13051,2020-03-23,20,4,0,0,0,0.0,0,0,0,0.0,0.0,0
Chatham,13051,2020-03-24,21,7,0,0,0,0.0,3,0,0,75.0,0.0,0
Chatham,13051,2020-03-25,22,7,0,0,0,0.0,0,0,0,0.0,0.0,0
Chatham,13051,2020-03-26,23,9,0,0,0,0.0,2,0,0,28.57,0.0,0
Chatham,13051,2020-03-27,24,10,0,0,0,0.0,1,0,0,11.11,0.0,0
Chatham,13051,2020-03-28,25,15,0,0,0,0.0,5,0,0,50.0,0.0,0
Chattahoochee,13053,2020-03-22,19,0,0,0,0,0.0,0,0,0,0.0,0.0,0
Chattahoochee,13053,2020-03-23,20,0,0,0,0,0.0,0,0,0,0.0,0.0,0
Chattahoochee,13053,2020-03-24,21,0,0,0,0,0.0,0,0,0,0.0,0.0,0
Chattahoochee,13053,2020-03-25,22,0,0,0,0,0.0,0,0,0,0.0,0.0,0
Chattahoochee,13053,2020-03-26,23,0,0,0,0,0.0,0,0,0,0.0,0.0,0
Chattahoochee,13053,2020-03-27,24,0,0,0,0,0.0,0,0,0,0.0,0.0,0
Chattahoochee,13053,2020-03-28,25,1,0,0,0,0.0,1,0,0,0.0,0.0,0
Chattooga,13055,2020-03-22,19,1,0,0,0,0.0,0,0,0,0.0,0.0,0
Chattooga,13055,2020-03-23,20,1,0,0,0,0.0,0,0,0,0.0,0.0,0
Chattooga,13055,2020-03-24,21,1,0,0,0,0.0,0,0,0,0.0,0.0,0
Chattooga,13055,2020-03-25,22,1,0,0,0,0.0,0,0,0,0.0,0.0,0
Chattooga,13055,2020-03-26,23,1,0,0,0,0.0,0,0,0,0.0,0.0,0
Chattooga,13055,2020-03-27,24,1,0,0,0,0.0,0,0,0,0.0,0.0,0
Chattooga,13055,2020-03-28,25,1,0,0,0,0.0,0,0,0,0.0,0.0,0
Cherokee,13057,2020-03-22,19,18,0,0,0,0.0,0,0,0,0.0,0.0,0
Cherokee,13057,2020-03-23,20,20,0,0,0,0.0,2,0,0,11.11,0.0,0
Cherokee,13057,2020-03-24,21,28,0,0,0,0.0,8,0,0,40.0,0.0,0
Cherokee,13057,2020-03-25,22,31,0,0,0,0.0,3,0,0,10.71,0.0,0
Cherokee,13057,2020-03-26,23,38,0,0,0,0.0,7,0,0,22.58,0.0,0
Cherokee,13057,2020-03-27,24,46,0,0,0,0.0,8,0,0,21.05,0.0,0
Cherokee,13057,2020-03-28,25,52,1,0,0,1.92,6,1,0,13.04,0.0,0
Clarke,13059,2020-03-22,19,9,0,0,0,0.0,0,0,0,0.0,0.0,0
Clarke,13059,2020-03-23,20,14,0,0,0,0.0,5,0,0,55.56,0.0,0
Clarke,13059,2020-03-24,21,16,0,0,0,0.0,2,0,0,14.29,0.0,0
Clarke,13059,2020-03-25,22,19,1,0,0,5.26,3,1,0,18.75,0.0,0
Clarke,13059,2020-03-26,23,24,1,0,0,4.17,5,0,0,26.32,0.0,0
Clarke,13059,2020-03-27,24,32,1,0,0,3.12,8,0,0,33.33,0.0,0
Clarke,13059,2020-03-28,25,35,2,0,0,5.71,3,1,0,9.38,100.0,0
Clay,13061,2020-03-22,19,0,0,0,0,0.0,0,0,0,0.0,0.0,0
Clay,13061,2020-03-23,20,0,0,0,0,0.0,0,0,0,0.0,0.0,0
Clay,13061,2020-03-24,21,0,0,0,0,0.0,0,0,0,0.0,0.0,0
Clay,13061,2020-03-25,22,0,0,0,0,0.0,0,0,0,0.0,0.0,0
Clay,13061,2020-03-26,23,0,0,0,0,0.0,0,0,0,0.0,0.0,0
Clay,13061,2020-03-27,24,0,0,0,0,0.0,0,0,0,0.0,0.0,0
Clay,13061,2020-03-28,25,0,0,0,0,0.0,0,0,0,0.0,0.0,0
Clayton,13063,2020-03-22,19,13,0,0,0,0.0,0,0,0,0.0,0.0,0
Clayton,13063,2020-03-23,20,18,0,0,0,0.0,5,0,0,38.46,0.0,0
Clayton,13063,2020-03-24,21,21,0,0,0,0.0,3,0,0,16.67,0.0,0
Clayton,13063,2020-03-25,22,22,0,0,0,0.0,1,0,0,4.76,0.0,0
Clayton,13063,2020-03-26,23,32,0,0,0,0.0,10,0,0,45.45,0.0,0
Clayton,13063,2020-03-27,24,46,0,0,0,0.0,14,0,0,43.75,0.0,0
Clayton,13063,2020-03-28,25,57,1,0,0,1.75,11,1,0,23.91,0.0,0
Clinch,13065,2020-03-22,19,1,0,0,0,0.0,0,0,0,0.0,0.0,0
Clinch,13065,2020-03-23,20,1,0,0,0,0.0,0,0,0,0.0,0.0,0
Clinch,13065,2020-03-24,21,1,0,0,0,0.0,0,0,0,0.0,0.0,0
Clinch,13065,2020-03-25,22,1,0,0,0,0.0,0,0,0,0.0,0.0,0
Clinch,13065,2020-03-26,23,1,0,0,0,0.0,0,0,0,0.0,0.0,0
Clinch,13065,2020-03-27,24,1,0,0,0,0.0,0,0,0,0.0,0.0,0
Clinch,13065,2020-03-28,25,1,0,0,0,0.0,0,0,0,0.0,0.0,0
Cobb,13067,2020-03-22,19,67,2,0,0,2.99,0,0,0,0.0,0.0,0
Cobb,13067,2020-03-23,20,79,2,0,0,2.53,12,0,0,17.91,0.0,0
Cobb,13067,2020-03-24,21,86,2,0,0,2.33,7,0,0,8.86,0.0,0
Cobb,13067,2020-03-25,22,101,2,0,0,1.98,15,0,0,17.44,0.0,0
Cobb,13067,2020-03-26,23,115,2,0,0,1.74,14,0,0,13.86,0.0,0
Cobb,13067,2020-03-27,24,144,2,0,0,1.39,29,0,0,25.22,0.0,0
Cobb,13067,2020-03-28,25,181,8,0,0,4.42,37,6,0,25.69,300.0,0
Coffee,13069,2020-03-22,19,0,0,0,0,0.0,0,0,0,0.0,0.0,0
Coffee,13069,2020-03-23,20,1,0,0,0,0.0,1,0,0,0.0,0.0,0
Coffee,13069,2020-03-24,21,2,0,0,0,0.0,1,0,0,100.0,0.0,0
Coffee,13069,2020-03-25,22,2,0,0,0,0.0,0,0,0,0.0,0.0,0
Coffee,13069,2020-03-26,23,2,0,0,0,0.0,0,0,0,0.0,0.0,0
Coffee,13069,2020-03-27,24,3,0,0,0,0.0,1,0,0,50.0,0.0,0
Coffee,13069,2020-03-28,25,3,0,0,0,0.0,0,0,0,0.0,0.0,0
Colquitt,13071,2020-03-22,19,0,0,0,0,0.0,0,0,0,0.0,0.0,0
Colquitt,13071,2020-03-23,20,0,0,0,0,0.0,0,0,0,0.0,0.0,0
Colquitt,13071,2020-03-24,21,2,0,0,0,0.0,2,0,0,0.0,0.0,0
Colquitt,13071,2020-03-25,22,2,0,0,0,0.0,0,0,0,0.0,0.0,0
Colquitt,13071,2020-03-26,23,4,0,0,0,0.0,2,0,0,100.0,0.0,0
Colquitt,13071,2020-03-27,24,4,0,0,0,0.0,0,0,0,0.0,0.0,0
Colquitt,13071,2020-03-28,25,5,0,0,0,0.0,1,0,0,25.0,0.0,0
Columbia,13073,2020-03-22,19,3,0,0,0,0.0,0,0,0,0.0,0.0,0
Columbia,13073,2020-03-23,20,3,0,0,0,0.0,0,0,0,0.0,0.0,0
Columbia,13073,2020-03-24,21,4,0,0,0,0.0,1,0,0,33.33,0.0,0
Columbia,13073,2020-03-25,22,6,0,0,0,0.0,2,0,0,50.0,0.0,0
Columbia,13073,2020-03-26,23,10,0,0,0,0.0,4,0,0,66.67,0.0,0
Columbia,13073,2020-03-27,24,10,0,0,0,0.0,0,0,0,0.0,0.0,0
Columbia,13073,2020-03-28,25,12,0,0,0,0.0,2,0,0,20.0,0.0,0
Cook,13075,2020-03-22,19,0,0,0,0,0.0,0,0,0,0.0,0.0,0
Cook,13075,2020-03-23,20,0,0,0,0,0.0,0,0,0,0.0,0.0,0
Cook,13075,2020-03-24,21,0,0,0,0,0.0,0,0,0,0.0,0.0,0
Cook,13075,2020-03-25,22,0,0,0,0,0.0,0,0,0,0.0,0.0,0
Cook,13075,2020-03-26,23,0,0,0,0,0.0,0,0,0,0.0,0.0,0
Cook,13075,2020-03-27,24,0,0,0,0,0.0,0,0,0,0.0,0.0,0
Cook,13075,2020-03-28,25,0,0,0,0,0.0,0,0,0,0.0,0.0,0
Coweta,13077,2020-03-22,19,8,0,0,0,0.0,0,0,0,0.0,0.0,0
Coweta,13077,2020-03-23,20,9,0,0,0,0.0,1,0,0,12.5,0.0,0
Coweta,13077,2020-03-24,21,10,0,0,0,0.0,1,0,0,11.11,0.0,0
Coweta,13077,2020-03-25,22,10,0,0,0,0.0,0,0,0,0.0,0.0,0
Coweta,13077,2020-03-26,23,12,0,0,0,0.0,2,0,0,20.0,0.0,0
Coweta,13077,2020-03-27,24,19,0,0,0,0.0,7,0,0,58.33,0.0,0
Coweta,13077,2020-03-28,25,19,2,0,0,10.53,0,2,0,0.0,0.0,0
Crawford,13079,2020-03-22,19,0,0,0,0,0.0,0,0,0,0.0,0.0,0
Crawford,13079,2020-03-23,20,0,0,0,0,0.0,0,0,0,0.0,0.0,0
Crawford,13079,2020-03-24,21,0,0,0,0,0.0,0,0,0,0.0,0.0,0
Crawford,13079,2020-03-25,22,0,0,0,0,0.0,0,0,0,0.0,0.0,0
Crawford,13079,2020-03-26,23,0,0,0,0,0.0,0,0,0,0.0,0.0,0
Crawford,13079,2020-03-27,24,0,0,0,0,0.0,0,0,0,0.0,0.0,0
Crawford,13079,2020-03-28,25,0,0,0,0,0.0,0,0,0,0.0,0.0,0
Crisp,13081,2020-03-22,19,0,0,0,0,0.0,0,0,0,0.0,0.0,0
Crisp,13081,2020-03-23,20,0,0,0,0,0.0,0,0,0,0.0,0.0,0
Crisp,13081,2020-03-24,21,3,0,0,0,0.0,3,0,0,0.0,0.0,0
Crisp,13081,2020-03-25,22,3,0,0,0,0.0,0,0,0,0.0,0.0,0
Crisp,13081,2020-03-26,23,4,0,0,0,0.0,1,0,0,33.33,0.0,0
Crisp,13081,2020-03-27,24,4,0,0,0,0.0,0,0,0,0.0,0.0,0
Crisp,13081,2020-03-28,25,5,0,0,0,0.0,1,0,0,25.0,0.0,0
Dade,13083,2020-03-22,19,0,0,0,0,0.0,0,0,0,0.0,0.0,0
Dade,13083,2020-03-23,20,0,0,0,0,0.0,0,0,0,0.0,0.0,0
Dade,13083,2020-03-24,21,0,0,0,0,0.0,0,0,0,0.0,0.0,0
Dade,13083,2020-03-25,22,0,0,0,0,0.0,0,0,0,0.0,0.0,0
Dade,13083,2020-03-26,23,0,0,0,0,0.0,0,0,0,0.0,0.0,0
Dade,13083,2020-03-27,24,0,0,0,0,0.0,0,0,0,0.0,0.0,0
Dade,13083,2020-03-28,25,0,0,0,0,0.0,0,0,0,0.0,0.0,0
Dawson,13085,2020-03-22,19,1,0,0,0,0.0,0,0,0,0.0,0.0,0
Dawson,13085,2020-03-23,20,1,0,0,0,0.0,0,0,0,0.0,0.0,0
Dawson,13085,2020-03-24,21,1,0,0,0,0.0,0,0,0,0.0,0.0,0
Dawson,13085,2020-03-25,22,1,0,0,0,0.0,0,0,0,0.0,0.0,0
Dawson,13085,2020-03-26,23,3,0,0,0,0.0,2,0,0,200.0,0.0,0
Dawson,13085,2020-03-27,24,2,0,0,0,0.0,-1,0,0,-33.33,0.0,0
Dawson,13085,2020-03-28,25,2,0,0,0,0.0,0,0,0,0.0,0.0,0
DeKalb,13089,2020-03-22,19,53,0,0,0,0.0,0,0,0,0.0,0.0,0
DeKalb,13089,2020-03-23,20,75,0,0,0,0.0,22,0,0,41.51,0.0,0
DeKalb,13089,2020-03-24,21,94,0,0,0,0.0,19,0,0,25.33,0.0,0
DeKalb,13089,2020-03-25,22,116,0,0,0,0.0,22,0,0,23.4,0.0,0
DeKalb,13089,2020-03-26,23,129,0,0,0,0.0,13,0,0,11.21,0.0,0
DeKalb,13089,2020-03-27,24,181,0,0,0,0.0,52,0,0,40.31,0.0,0
DeKalb,13089,2020-03-28,25,240,2,0,0,0.83,59,2,0,32.6,0.0,0
Decatur,13087,2020-03-22,19,0,0,0,0,0.0,0,0,0,0.0,0.0,0
Decatur,13087,2020-03-23,20,0,0,0,0,0.0,0,0,0,0.0,0.0,0
Decatur,13087,2020-03-24,21,0,0,0,0,0.0,0,0,0,0.0,0.0,0
Decatur,13087,2020-03-25,22,1,0,0,0,0.0,1,0,0,0.0,0.0,0
Decatur,13087,2020-03-26,23,2,0,0,0,0.0,1,0,0,100.0,0.0,0
Decatur,13087,2020-03-27,24,2,0,0,0,0.0,0,0,0,0.0,0.0,0
Decatur,13087,2020-03-28,25,3,0,0,0,0.0,1,0,0,50.0,0.0,0
Dodge,13091,2020-03-22,19,0,0,0,0,0.0,0,0,0,0.0,0.0,0
Dodge,13091,2020-03-23,20,0,0,0,0,0.0,0,0,0,0.0,0.0,0
Dodge,13091,2020-03-24,21,0,0,0,0,0.0,0,0,0,0.0,0.0,0
Dodge,13091,2020-03-25,22,1,0,0,0,0.0,1,0,0,0.0,0.0,0
Dodge,13091,2020-03-26,23,1,0,0,0,0.0,0,0,0,0.0,0.0,0
Dodge,13091,2020-03-27,24,1,0,0,0,0.0,0,0,0,0.0,0.0,0
Dodge,13091,2020-03-28,25,1,0,0,0,0.0,0,0,0,0.0,0.0,0
Dooly,13093,2020-03-22,19,0,0,0,0,0.0,0,0,0,0.0,0.0,0
Dooly,13093,2020-03-23,20,0,0,0,0,0.0,0,0,0,0.0,0.0,0
Dooly,13093,2020-03-24,21,0,0,0,0,0.0,0,0,0,0.0,0.0,0
Dooly,13093,2020-03-25,22,0,0,0,0,0.0,0,0,0,0.0,0.0,0
Dooly,13093,2020-03-26,23,0,0,0,0,0.0,0,0,0,0.0,0.0,0
Dooly,13093,2020-03-27,24,0,0,0,0,0.0,0,0,0,0.0,0.0,0
Dooly,13093,2020-03-28,25,0,0,0,0,0.0,0,0,0,0.0,0.0,0
Dougherty,13095,2020-03-22,19,52,6,0,0,11.54,0,0,0,0.0,0.0,0
Dougherty,13095,2020-03-23,20,64,6,0,0,9.38,12,0,0,23.08,0.0,0
Dougherty,13095,2020-03-24,21,90,6,0,0,6.67,26,0,0,40.62,0.0,0
Dougherty,13095,2020-03-25,22,109,6,0,0,5.5,19,0,0,21.11,0.0,0
Dougherty,13095,2020-03-26,23,156,6,0,0,3.85,47,0,0,43.12,0.0,0
Dougherty,13095,2020-03-27,24,193,12,0,0,6.22,37,6,0,23.72,100.0,0
Dougherty,13095,2020-03-28,25,205,13,0,0,6.34,12,1,0,6.22,8.33,0
Douglas,13097,2020-03-22,19,4,0,0,0,0.0,0,0,0,0.0,0.0,0
Douglas,13097,2020-03-23,20,7,0,0,0,0.0,3,0,0,75.0,0.0,0
Douglas,13097,2020-03-24,21,11,0,0,0,0.0,4,0,0,57.14,0.0,0
Douglas,13097,2020-03-25,22,17,0,0,0,0.0,6,0,0,54.55,0.0,0
Douglas,13097,2020-03-26,23,18,0,0,0,0.0,1,0,0,5.88,0.0,0
Douglas,13097,2020-03-27,24,27,0,0,0,0.0,9,0,0,50.0,0.0,0
Douglas,13097,2020-03-28,25,35,1,0,0,2.86,8,1,0,29.63,0.0,0
Early,13099,2020-03-22,19,2,1,0,0,50.0,0,0,0,0.0,0.0,0
Early,13099,2020-03-23,20,2,1,0,0,50.0,0,0,0,0.0,0.0,0
Early,13099,2020-03-24,21,2,1,0,0,50.0,0,0,0,0.0,0.0,0
Early,13099,2020-03-25,22,5,1,0,0,20.0,3,0,0,150.0,0.0,0
Early,13099,2020-03-26,23,7,1,0,0,14.29,2,0,0,40.0,0.0,0
Early,13099,2020-03-27,24,10,1,0,0,10.0,3,0,0,42.86,0.0,0
Early,13099,2020-03-28,25,15,1,0,0,6.67,5,0,0,50.0,0.0,0
Echols,13101,2020-03-22,19,0,0,0,0,0.0,0,0,0,0.0,0.0,0
Echols,13101,2020-03-23,20,0,0,0,0,0.0,0,0,0,0.0,0.0,0
Echols,13101,2020-03-24,21,0,0,0,0,0.0,0,0,0,0.0,0.0,0
Echols,13101,2020-03-25,22,0,0,0,0,0.0,0,0,0,0.0,0.0,0
Echols,13101,2020-03-26,23,0,0,0,0,0.0,0,0,0,0.0,0.0,0
Echols,13101,2020-03-27,24,0,0,0,0,0.0,0,0,0,0.0,0.0,0
Echols,13101,2020-03-28,25,0,0,0,0,0.0,0,0,0,0.0,0.0,0
Effingham,13103,2020-03-22,19,2,0,0,0,0.0,0,0,0,0.0,0.0,0
Effingham,13103,2020-03-23,20,2,0,0,0,0.0,0,0,0,0.0,0.0,0
Effingham,13103,2020-03-24,21,2,0,0,0,0.0,0,0,0,0.0,0.0,0
Effingham,13103,2020-03-25,22,3,0,0,0,0.0,1,0,0,50.0,0.0,0
Effingham,13103,2020-03-26,23,3,0,0,0,0.0,0,0,0,0.0,0.0,0
Effingham,13103,2020-03-27,24,4,0,0,0,0.0,1,0,0,33.33,0.0,0
Effingham,13103,2020-03-28,25,4,0,0,0,0.0,0,0,0,0.0,0.0,0
Elbert,13105,2020-03-22,19,0,0,0,0,0.0,0,0,0,0.0,0.0,0
Elbert,13105,2020-03-23,20,0,0,0,0,0.0,0,0,0,0.0,0.0,0
Elbert,13105,2020-03-24,21,0,0,0,0,0.0,0,0,0,0.0,0.0,0
Elbert,13105,2020-03-25,22,0,0,0,0,0.0,0,0,0,0.0,0.0,0
Elbert,13105,2020-03-26,23,0,0,0,0,0.0,0,0,0,0.0,0.0,0
Elbert,13105,2020-03-27,24,0,0,0,0,0.0,0,0,0,0.0,0.0,0
Elbert,13105,2020-03-28,25,0,0,0,0,0.0,0,0,0,0.0,0.0,0
Emanuel,13107,2020-03-22,19,0,0,0,0,0.0,0,0,0,0.0,0.0,0
Emanuel,13107,2020-03-23,20,0,0,0,0,0.0,0,0,0,0.0,0.0,0
Emanuel,13107,2020-03-24,21,0,0,0,0,0.0,0,0,0,0.0,0.0,0
Emanuel,13107,2020-03-25,22,0,0,0,0,0.0,0,0,0,0.0,0.0,0
Emanuel,13107,2020-03-26,23,0,0,0,0,0.0,0,0,0,0.0,0.0,0
Emanuel,13107,2020-03-27,24,0,0,0,0,0.0,0,0,0,0.0,0.0,0
Emanuel,13107,2020-03-28,25,0,0,0,0,0.0,0,0,0,0.0,0.0,0
Evans,13109,2020-03-22,19,0,0,0,0,0.0,0,0,0,0.0,0.0,0
Evans,13109,2020-03-23,20,0,0,0,0,0.0,0,0,0,0.0,0.0,0
Evans,13109,2020-03-24,21,0,0,0,0,0.0,0,0,0,0.0,0.0,0
Evans,13109,2020-03-25,22,0,0,0,0,0.0,0,0,0,0.0,0.0,0
Evans,13109,2020-03-26,23,0,0,0,0,0.0,0,0,0,0.0,0.0,0
Evans,13109,2020-03-27,24,0,0,0,0,0.0,0,0,0,0.0,0.0,0
Evans,13109,2020-03-28,25,0,0,0,0,0.0,0,0,0,0.0,0.0,0
Fannin,13111,2020-03-22,19,0,0,0,0,0.0,0,0,0,0.0,0.0,0
Fannin,13111,2020-03-23,20,0,0,0,0,0.0,0,0,0,0.0,0.0,0
Fannin,13111,2020-03-24,21,0,0,0,0,0.0,0,0,0,0.0,0.0,0
Fannin,13111,2020-03-25,22,1,0,0,0,0.0,1,0,0,0.0,0.0,0
Fannin,13111,2020-03-26,23,1,0,0,0,0.0,0,0,0,0.0,0.0,0
Fannin,13111,2020-03-27,24,2,0,0,0,0.0,1,0,0,100.0,0.0,0
Fannin,13111,2020-03-28,25,3,0,0,0,0.0,1,0,0,50.0,0.0,0
Fayette,13113,2020-03-22,19,9,1,0,0,11.11,0,0,0,0.0,0.0,0
Fayette,13113,2020-03-23,20,10,1,0,0,10.0,1,0,0,11.11,0.0,0
Fayette,13113,2020-03-24,21,12,1,0,0,8.33,2,0,0,20.0,0.0,0
Fayette,13113,2020-03-25,22,12,1,0,0,8.33,0,0,0,0.0,0.0,0
Fayette,13113,2020-03-26,23,14,1,0,0,7.14,2,0,0,16.67,0.0,0
Fayette,13113,2020-03-27,24,19,1,0,0,5.26,5,0,0,35.71,0.0,0
Fayette,13113,2020-03-28,25,25,2,0,0,8.0,6,1,0,31.58,100.0,0
Floyd,13115,2020-03-22,19,9,1,0,0,11.11,0,0,0,0.0,0.0,0
Floyd,13115,2020-03-23,20,10,1,0,0,10.0,1,0,0,11.11,0.0,0
Floyd,13115,2020-03-24,21,11,1,0,0,9.09,1,0,0,10.0,0.0,0
Floyd,13115,2020-03-25,22,14,1,0,0,7.14,3,0,0,27.27,0.0,0
Floyd,13115,2020-03-26,23,16,1,0,0,6.25,2,0,0,14.29,0.0,0
Floyd,13115,2020-03-27,24,20,1,0,0,5.0,4,0,0,25.0,0.0,0
Floyd,13115,2020-03-28,25,27,1,0,0,3.7,7,0,0,35.0,0.0,0
Forsyth,13117,2020-03-22,19,4,0,0,0,0.0,0,0,0,0.0,0.0,0
Forsyth,13117,2020-03-23,20,7,0,0,0,0.0,3,0,0,75.0,0.0,0
Forsyth,13117,2020-03-24,21,8,0,0,0,0.0,1,0,0,14.29,0.0,0
Forsyth,13117,2020-03-25,22,9,0,0,0,0.0,1,0,0,12.5,0.0,0
Forsyth,13117,2020-03-26,23,15,0,0,0,0.0,6,0,0,66.67,0.0,0
Forsyth,13117,2020-03-27,24,19,0,0,0,0.0,4,0,0,26.67,0.0,0
Forsyth,13117,2020-03-28,25,21,1,0,0,4.76,2,1,0,10.53,0.0,0
Franklin,13119,2020-03-22,19,0,0,0,0,0.0,0,0,0,0.0,0.0,0
Franklin,13119,2020-03-23,20,0,0,0,0,0.0,0,0,0,0.0,0.0,0
Franklin,13119,2020-03-24,21,0,0,0,0,0.0,0,0,0,0.0,0.0,0
Franklin,13119,2020-03-25,22,0,0,0,0,0.0,0,0,0,0.0,0.0,0
Franklin,13119,2020-03-26,23,0,0,0,0,0.0,0,0,0,0.0,0.0,0
Franklin,13119,2020-03-27,24,1,0,0,0,0.0,1,0,0,0.0,0.0,0
Franklin,13119,2020-03-28,25,2,0,0,0,0.0,1,0,0,100.0,0.0,0
Fulton,13121,2020-03-22,19,111,2,0,0,1.8,0,0,0,0.0,0.0,0
Fulton,13121,2020-03-23,20,145,2,0,0,1.38,34,0,0,30.63,0.0,0
Fulton,13121,2020-03-24,21,184,2,0,0,1.09,39,0,0,26.9,0.0,0
Fulton,13121,2020-03-25,22,198,2,0,0,1.01,14,0,0,7.61,0.0,0
Fulton,13121,2020-03-26,23,211,2,0,0,0.95,13,0,0,6.57,0.0,0
Fulton,13121,2020-03-27,24,307,2,0,0,0.65,96,0,0,45.5,0.0,0
Fulton,13121,2020-03-28,25,373,12,0,0,3.22,66,10,0,21.5,500.0,0
Gilmer,13123,2020-03-22,19,0,0,0,0,0.0,0,0,0,0.0,0.0,0
Gilmer,13123,2020-03-23,20,0,0,0,0,0.0,0,0,0,0.0,0.0,0
Gilmer,13123,2020-03-24,21,0,0,0,0,0.0,0,0,0,0.0,0.0,0
Gilmer,13123,2020-03-25,22,0,0,0,0,0.0,0,0,0,0.0,0.0,0
Gilmer,13123,2020-03-26,23,0,0,0,0,0.0,0,0,0,0.0,0.0,0
Gilmer,13123,2020-03-27,24,0,0,0,0,0.0,0,0,0,0.0,0.0,0
Gilmer,13123,2020-03-28,25,0,0,0,0,0.0,0,0,0,0.0,0.0,0
Glascock,13125,2020-03-22,19,0,0,0,0,0.0,0,0,0,0.0,0.0,0
Glascock,13125,2020-03-23,20,0,0,0,0,0.0,0,0,0,0.0,0.0,0
Glascock,13125,2020-03-24,21,0,0,0,0,0.0,0,0,0,0.0,0.0,0
Glascock,13125,2020-03-25,22,0,0,0,0,0.0,0,0,0,0.0,0.0,0
Glascock,13125,2020-03-26,23,0,0,0,0,0.0,0,0,0,0.0,0.0,0
Glascock,13125,2020-03-27,24,0,0,0,0,0.0,0,0,0,0.0,0.0,0
Glascock,13125,2020-03-28,25,0,0,0,0,0.0,0,0,0,0.0,0.0,0
Glynn,13127,2020-03-22,19,3,0,0,0,0.0,0,0,0,0.0,0.0,0
Glynn,13127,2020-03-23,20,4,0,0,0,0.0,1,0,0,33.33,0.0,0
Glynn,13127,2020-03-24,21,5,0,0,0,0.0,1,0,0,25.0,0.0,0
Glynn,13127,2020-03-25,22,5,0,0,0,0.0,0,0,0,0.0,0.0,0
Glynn,13127,2020-03-26,23,5,0,0,0,0.0,0,0,0,0.0,0.0,0
Glynn,13127,2020-03-27,24,6,0,0,0,0.0,1,0,0,20.0,0.0,0
Glynn,13127,2020-03-28,25,7,0,0,0,0.0,1,0,0,16.67,0.0,0
Gordon,13129,2020-03-22,19,4,0,0,0,0.0,0,0,0,0.0,0.0,0
Gordon,13129,2020-03-23,20,5,0,0,0,0.0,1,0,0,25.0,0.0,0
Gordon,13129,2020-03-24,21,7,0,0,0,0.0,2,0,0,40.0,0.0,0
Gordon,13129,2020-03-25,22,8,0,0,0,0.0,1,0,0,14.29,0.0,0
Gordon,13129,2020-03-26,23,9,0,0,0,0.0,1,0,0,12.5,0.0,0
Gordon,13129,2020-03-27,24,12,0,0,0,0.0,3,0,0,33.33,0.0,0
Gordon,13129,2020-03-28,25,14,1,0,0,7.14,2,1,0,16.67,0.0,0
Grady,13131,2020-03-22,19,0,0,0,0,0.0,0,0,0,0.0,0.0,0
Grady,13131,2020-03-23,20,0,0,0,0,0.0,0,0,0,0.0,0.0,0
Grady,13131,2020-03-24,21,0,0,0,0,0.0,0,0,0,0.0,0.0,0
Grady,13131,2020-03-25,22,0,0,0,0,0.0,0,0,0,0.0,0.0,0
Grady,13131,2020-03-26,23,0,0,0,0,0.0,0,0,0,0.0,0.0,0
Grady,13131,2020-03-27,24,0,0,0,0,0.0,0,0,0,0.0,0.0,0
Grady,13131,2020-03-28,25,0,0,0,0,0.0,0,0,0,0.0,0.0,0
Greene,13133,2020-03-22,19,0,0,0,0,0.0,0,0,0,0.0,0.0,0
Greene,13133,2020-03-23,20,0,0,0,0,0.0,0,0,0,0.0,0.0,0
Greene,13133,2020-03-24,21,1,0,0,0,0.0,1,0,0,0.0,0.0,0
Greene,13133,2020-03-25,22,2,0,0,0,0.0,1,0,0,100.0,0.0,0
Greene,13133,2020-03-26,23,1,0,0,0,0.0,-1,0,0,-50.0,0.0,0
Greene,13133,2020-03-27,24,1,0,0,0,0.0,0,0,0,0.0,0.0,0
Greene,13133,2020-03-28,25,1,0,0,0,0.0,0,0,0,0.0,0.0,0
Gwinnett,13135,2020-03-22,19,27,1,0,0,3.7,0,0,0,0.0,0.0,0
Gwinnett,13135,2020-03-23,20,34,1,0,0,2.94,7,0,0,25.93,0.0,0
Gwinnett,13135,2020-03-24,21,45,1,0,0,2.22,11,0,0,32.35,0.0,0
Gwinnett,13135,2020-03-25,22,48,1,0,0,2.08,3,0,0,6.67,0.0,0
Gwinnett,13135,2020-03-26,23,75,1,0,0,1.33,27,0,0,56.25,0.0,0
Gwinnett,13135,2020-03-27,24,102,1,0,0,0.98,27,0,0,36.0,0.0,0
Gwinnett,13135,2020-03-28,25,129,1,0,0,0.78,27,0,0,26.47,0.0,0
Habersham,13137,2020-03-22,19,0,0,0,0,0.0,0,0,0,0.0,0.0,0
Habersham,13137,2020-03-23,20,0,0,0,0,0.0,0,0,0,0.0,0.0,0
Habersham,13137,2020-03-24,21,0,0,0,0,0.0,0,0,0,0.0,0.0,0
Habersham,13137,2020-03-25,22,0,0,0,0,0.0,0,0,0,0.0,0.0,0
Habersham,13137,2020-03-26,23,0,0,0,0,0.0,0,0,0,0.0,0.0,0
Habersham,13137,2020-03-27,24,1,0,0,0,0.0,1,0,0,0.0,0.0,0
Habersham,13137,2020-03-28,25,0,0,0,0,0.0,-1,0,0,-100.0,0.0,0
Hall,13139,2020-03-22,19,9,0,0,0,0.0,0,0,0,0.0,0.0,0
Hall,13139,2020-03-23,20,10,0,0,0,0.0,1,0,0,11.11,0.0,0
Hall,13139,2020-03-24,21,14,0,0,0,0.0,4,0,0,40.0,0.0,0
Hall,13139,2020-03-25,22,19,0,0,0,0.0,5,0,0,35.71,0.0,0
Hall,13139,2020-03-26,23,21,0,0,0,0.0,2,0,0,10.53,0.0,0
Hall,13139,2020-03-27,24,24,0,0,0,0.0,3,0,0,14.29,0.0,0
Hall,13139,2020-03-28,25,31,0,0,0,0.0,7,0,0,29.17,0.0,0
Hancock,13141,2020-03-22,19,0,0,0,0,0.0,0,0,0,0.0,0.0,0
Hancock,13141,2020-03-23,20,0,0,0,0,0.0,0,0,0,0.0,0.0,0
Hancock,13141,2020-03-24,21,0,0,0,0,0.0,0,0,0,0.0,0.0,0
Hancock,13141,2020-03-25,22,0,0,0,0,0.0,0,0,0,0.0,0.0,0
Hancock,13141,2020-03-26,23,0,0,0,0,0.0,0,0,0,0.0,0.0,0
Hancock,13141,2020-03-27,24,0,0,0,0,0.0,0,0,0,0.0,0.0,0
Hancock,13141,2020-03-28,25,0,0,0,0,0.0,0,0,0,0.0,0.0,0
Haralson,13143,2020-03-22,19,0,0,0,0,0.0,0,0,0,0.0,0.0,0
Haralson,13143,2020-03-23,20,0,0,0,0,0.0,0,0,0,0.0,0.0,0
Haralson,13143,2020-03-24,21,0,0,0,0,0.0,0,0,0,0.0,0.0,0
Haralson,13143,2020-03-25,22,0,0,0,0,0.0,0,0,0,0.0,0.0,0
Haralson,13143,2020-03-26,23,0,0,0,0,0.0,0,0,0,0.0,0.0,0
Haralson,13143,2020-03-27,24,1,0,0,0,0.0,1,0,0,0.0,0.0,0
Haralson,13143,2020-03-28,25,1,0,0,0,0.0,0,0,0,0.0,0.0,0
Harris,13145,2020-03-22,19,0,0,0,0,0.0,0,0,0,0.0,0.0,0
Harris,13145,2020-03-23,20,0,0,0,0,0.0,0,0,0,0.0,0.0,0
Harris,13145,2020-03-24,21,1,0,0,0,0.0,1,0,0,0.0,0.0,0
Harris,13145,2020-03-25,22,1,0,0,0,0.0,0,0,0,0.0,0.0,0
Harris,13145,2020-03-26,23,1,0,0,0,0.0,0,0,0,0.0,0.0,0
Harris,13145,2020-03-27,24,1,0,0,0,0.0,0,0,0,0.0,0.0,0
Harris,13145,2020-03-28,25,1,0,0,0,0.0,0,0,0,0.0,0.0,0
Hart,13147,2020-03-22,19,0,0,0,0,0.0,0,0,0,0.0,0.0,0
Hart,13147,2020-03-23,20,0,0,0,0,0.0,0,0,0,0.0,0.0,0
Hart,13147,2020-03-24,21,0,0,0,0,0.0,0,0,0,0.0,0.0,0
Hart,13147,2020-03-25,22,0,0,0,0,0.0,0,0,0,0.0,0.0,0
Hart,13147,2020-03-26,23,0,0,0,0,0.0,0,0,0,0.0,0.0,0
Hart,13147,2020-03-27,24,0,0,0,0,0.0,0,0,0,0.0,0.0,0
Hart,13147,2020-03-28,25,1,0,0,0,0.0,1,0,0,0.0,0.0,0
Heard,13149,2020-03-22,19,1,0,0,0,0.0,0,0,0,0.0,0.0,0
Heard,13149,2020-03-23,20,1,0,0,0,0.0,0,0,0,0.0,0.0,0
Heard,13149,2020-03-24,21,1,0,0,0,0.0,0,0,0,0.0,0.0,0
Heard,13149,2020-03-25,22,1,0,0,0,0.0,0,0,0,0.0,0.0,0
Heard,13149,2020-03-26,23,1,0,0,0,0.0,0,0,0,0.0,0.0,0
Heard,13149,2020-03-27,24,1,0,0,0,0.0,0,0,0,0.0,0.0,0
Heard,13149,2020-03-28,25,1,1,0,0,100.0,0,1,0,0.0,0.0,0
Henry,13151,2020-03-22,19,7,0,0,0,0.0,0,0,0,0.0,0.0,0
Henry,13151,2020-03-23,20,9,0,0,0,0.0,2,0,0,28.57,0.0,0
Henry,13151,2020-03-24,21,13,0,0,0,0.0,4,0,0,44.44,0.0,0
Henry,13151,2020-03-25,22,13,0,0,0,0.0,0,0,0,0.0,0.0,0
Henry,13151,2020-03-26,23,25,0,0,0,0.0,12,0,0,92.31,0.0,0
Henry,13151,2020-03-27,24,40,0,0,0,0.0,15,0,0,60.0,0.0,0
Henry,13151,2020-03-28,25,50,1,0,0,2.0,10,1,0,25.0,0.0,0
Houston,13153,2020-03-22,19,1,0,0,0,0.0,0,0,0,0.0,0.0,0
Houston,13153,2020-03-23,20,1,0,0,0,0.0,0,0,0,0.0,0.0,0
Houston,13153,2020-03-24,21,3,0,0,0,0.0,2,0,0,200.0,0.0,0
Houston,13153,2020-03-25,22,5,0,0,0,0.0,2,0,0,66.67,0.0,0
Houston,13153,2020-03-26,23,9,0,0,0,0.0,4,0,0,80.0,0.0,0
Houston,13153,2020-03-27,24,9,0,0,0,0.0,0,0,0,0.0,0.0,0
Houston,13153,2020-03-28,25,12,1,0,0,8.33,3,1,0,33.33,0.0,0
Irwin,13155,2020-03-22,19,0,0,0,0,0.0,0,0,0,0.0,0.0,0
Irwin,13155,2020-03-23,20,0,0,0,0,0.0,0,0,0,0.0,0.0,0
Irwin,13155,2020-03-24,21,1,0,0,0,0.0,1,0,0,0.0,0.0,0
Irwin,13155,2020-03-25,22,2,0,0,0,0.0,1,0,0,100.0,0.0,0
Irwin,13155,2020-03-26,23,2,0,0,0,0.0,0,0,0,0.0,0.0,0
Irwin,13155,2020-03-27,24,3,0,0,0,0.0,1,0,0,50.0,0.0,0
Irwin,13155,2020-03-28,25,3,0,0,0,0.0,0,0,0,0.0,0.0,0
Jackson,13157,2020-03-22,19,0,0,0,0,0.0,0,0,0,0.0,0.0,0
Jackson,13157,2020-03-23,20,0,0,0,0,0.0,0,0,0,0.0,0.0,0
Jackson,13157,2020-03-24,21,0,0,0,0,0.0,0,0,0,0.0,0.0,0
Jackson,13157,2020-03-25,22,1,0,0,0,0.0,1,0,0,0.0,0.0,0
Jackson,13157,2020-03-26,23,1,0,0,0,0.0,0,0,0,0.0,0.0,0
Jackson,13157,2020-03-27,24,2,0,0,0,0.0,1,0,0,100.0,0.0,0
Jackson,13157,2020-03-28,25,2,0,0,0,0.0,0,0,0,0.0,0.0,0
Jasper,13159,2020-03-22,19,0,0,0,0,0.0,0,0,0,0.0,0.0,0
Jasper,13159,2020-03-23,20,0,0,0,0,0.0,0,0,0,0.0,0.0,0
Jasper,13159,2020-03-24,21,1,0,0,0,0.0,1,0,0,0.0,0.0,0
Jasper,13159,2020-03-25,22,2,0,0,0,0.0,1,0,0,100.0,0.0,0
Jasper,13159,2020-03-26,23,2,0,0,0,0.0,0,0,0,0.0,0.0,0
Jasper,13159,2020-03-27,24,2,0,0,0,0.0,0,0,0,0.0,0.0,0
Jasper,13159,2020-03-28,25,2,0,0,0,0.0,0,0,0,0.0,0.0,0
Jeff Davis,13161,2020-03-22,19,0,0,0,0,0.0,0,0,0,0.0,0.0,0
Jeff Davis,13161,2020-03-23,20,0,0,0,0,0.0,0,0,0,0.0,0.0,0
Jeff Davis,13161,2020-03-24,21,0,0,0,0,0.0,0,0,0,0.0,0.0,0
Jeff Davis,13161,2020-03-25,22,0,0,0,0,0.0,0,0,0,0.0,0.0,0
Jeff Davis,13161,2020-03-26,23,0,0,0,0,0.0,0,0,0,0.0,0.0,0
Jeff Davis,13161,2020-03-27,24,0,0,0,0,0.0,0,0,0,0.0,0.0,0
Jeff Davis,13161,2020-03-28,25,0,0,0,0,0.0,0,0,0,0.0,0.0,0
Jefferson,13163,2020-03-22,19,0,0,0,0,0.0,0,0,0,0.0,0.0,0
Jefferson,13163,2020-03-23,20,0,0,0,0,0.0,0,0,0,0.0,0.0,0
Jefferson,13163,2020-03-24,21,0,0,0,0,0.0,0,0,0,0.0,0.0,0
Jefferson,13163,2020-03-25,22,0,0,0,0,0.0,0,0,0,0.0,0.0,0
Jefferson,13163,2020-03-26,23,0,0,0,0,0.0,0,0,0,0.0,0.0,0
Jefferson,13163,2020-03-27,24,0,0,0,0,0.0,0,0,0,0.0,0.0,0
Jefferson,13163,2020-03-28,25,0,0,0,0,0.0,0,0,0,0.0,0.0,0
Jenkins,13165,2020-03-22,19,0,0,0,0,0.0,0,0,0,0.0,0.0,0
Jenkins,13165,2020-03-23,20,0,0,0,0,0.0,0,0,0,0.0,0.0,0
Jenkins,13165,2020-03-24,21,0,0,0,0,0.0,0,0,0,0.0,0.0,0
Jenkins,13165,2020-03-25,22,0,0,0,0,0.0,0,0,0,0.0,0.0,0
Jenkins,13165,2020-03-26,23,0,0,0,0,0.0,0,0,0,0.0,0.0,0
Jenkins,13165,2020-03-27,24,0,0,0,0,0.0,0,0,0,0.0,0.0,0
Jenkins,13165,2020-03-28,25,1,0,0,0,0.0,1,0,0,0.0,0.0,0
Johnson,13167,2020-03-22,19,0,0,0,0,0.0,0,0,0,0.0,0.0,0
Johnson,13167,2020-03-23,20,0,0,0,0,0.0,0,0,0,0.0,0.0,0
Johnson,13167,2020-03-24,21,0,0,0,0,0.0,0,0,0,0.0,0.0,0
Johnson,13167,2020-03-25,22,0,0,0,0,0.0,0,0,0,0.0,0.0,0
Johnson,13167,2020-03-26,23,0,0,0,0,0.0,0,0,0,0.0,0.0,0
Johnson,13167,2020-03-27,24,0,0,0,0,0.0,0,0,0,0.0,0.0,0
Johnson,13167,2020-03-28,25,0,0,0,0,0.0,0,0,0,0.0,0.0,0
Jones,13169,2020-03-22,19,0,0,0,0,0.0,0,0,0,0.0,0.0,0
Jones,13169,2020-03-23,20,0,0,0,0,0.0,0,0,0,0.0,0.0,0
Jones,13169,2020-03-24,21,0,0,0,0,0.0,0,0,0,0.0,0.0,0
Jones,13169,2020-03-25,22,1,0,0,0,0.0,1,0,0,0.0,0.0,0
Jones,13169,2020-03-26,23,1,0,0,0,0.0,0,0,0,0.0,0.0,0
Jones,13169,2020-03-27,24,2,0,0,0,0.0,1,0,0,100.0,0.0,0
Jones,13169,2020-03-28,25,2,0,0,0,0.0,0,0,0,0.0,0.0,0
Lamar,13171,2020-03-22,19,3,0,0,0,0.0,0,0,0,0.0,0.0,0
Lamar,13171,2020-03-23,20,3,0,0,0,0.0,0,0,0,0.0,0.0,0
Lamar,13171,2020-03-24,21,3,0,0,0,0.0,0,0,0,0.0,0.0,0
Lamar,13171,2020-03-25,22,3,0,0,0,0.0,0,0,0,0.0,0.0,0
Lamar,13171,2020-03-26,23,3,0,0,0,0.0,0,0,0,0.0,0.0,0
Lamar,13171,2020-03-27,24,3,0,0,0,0.0,0,0,0,0.0,0.0,0
Lamar,13171,2020-03-28,25,2,0,0,0,0.0,-1,0,0,-33.33,0.0,0
Lanier,13173,2020-03-22,19,0,0,0,0,0.0,0,0,0,0.0,0.0,0
Lanier,13173,2020-03-23,20,0,0,0,0,0.0,0,0,0,0.0,0.0,0
Lanier,13173,2020-03-24,21,0,0,0,0,0.0,0,0,0,0.0,0.0,0
Lanier,13173,2020-03-25,22,0,0,0,0,0.0,0,0,0,0.0,0.0,0
Lanier,13173,2020-03-26,23,0,0,0,0,0.0,0,0,0,0.0,0.0,0
Lanier,13173,2020-03-27,24,0,0,0,0,0.0,0,0,0,0.0,0.0,0
Lanier,13173,2020-03-28,25,0,0,0,0,0.0,0,0,0,0.0,0.0,0
Laurens,13175,2020-03-22,19,2,0,0,0,0.0,0,0,0,0.0,0.0,0
Laurens,13175,2020-03-23,20,2,0,0,0,0.0,0,0,0,0.0,0.0,0
Laurens,13175,2020-03-24,21,5,0,0,0,0.0,3,0,0,150.0,0.0,0
Laurens,13175,2020-03-25,22,6,0,0,0,0.0,1,0,0,20.0,0.0,0
Laurens,13175,2020-03-26,23,7,0,0,0,0.0,1,0,0,16.67,0.0,0
Laurens,13175,2020-03-27,24,7,0,0,0,0.0,0,0,0,0.0,0.0,0
Laurens,13175,2020-03-28,25,7,0,0,0,0.0,0,0,0,0.0,0.0,0
Lee,13177,2020-03-22,19,16,0,0,0,0.0,0,0,0,0.0,0.0,0
Lee,13177,2020-03-23,20,16,0,0,0,0.0,0,0,0,0.0,0.0,0
Lee,13177,2020-03-24,21,20,0,0,0,0.0,4,0,0,25.0,0.0,0
Lee,13177,2020-03-25,22,25,0,0,0,0.0,5,0,0,25.0,0.0,0
Lee,13177,2020-03-26,23,30,0,0,0,0.0,5,0,0,20.0,0.0,0
Lee,13177,2020-03-27,24,35,0,0,0,0.0,5,0,0,16.67,0.0,0
Lee,13177,2020-03-28,25,37,5,0,0,13.51,2,5,0,5.71,0.0,0
Liberty,13179,2020-03-22,19,0,0,0,0,0.0,0,0,0,0.0,0.0,0
Liberty,13179,2020-03-23,20,0,0,0,0,0.0,0,0,0,0.0,0.0,0
Liberty,13179,2020-03-24,21,1,0,0,0,0.0,1,0,0,0.0,0.0,0
Liberty,13179,2020-03-25,22,1,0,0,0,0.0,0,0,0,0.0,0.0,0
Liberty,13179,2020-03-26,23,1,0,0,0,0.0,0,0,0,0.0,0.0,0
Liberty,13179,2020-03-27,24,1,0,0,0,0.0,0,0,0,0.0,0.0,0
Liberty,13179,2020-03-28,25,2,0,0,0,0.0,1,0,0,100.0,0.0,0
Lincoln,13181,2020-03-22,19,1,0,0,0,0.0,0,0,0,0.0,0.0,0
Lincoln,13181,2020-03-23,20,1,0,0,0,0.0,0,0,0,0.0,0.0,0
Lincoln,13181,2020-03-24,21,1,0,0,0,0.0,0,0,0,0.0,0.0,0
Lincoln,13181,2020-03-25,22,1,0,0,0,0.0,0,0,0,0.0,0.0,0
Lincoln,13181,2020-03-26,23,1,0,0,0,0.0,0,0,0,0.0,0.0,0
Lincoln,13181,2020-03-27,24,3,0,0,0,0.0,2,0,0,200.0,0.0,0
Lincoln,13181,2020-03-28,25,3,0,0,0,0.0,0,0,0,0.0,0.0,0
Long,13183,2020-03-22,19,0,0,0,0,0.0,0,0,0,0.0,0.0,0
Long,13183,2020-03-23,20,0,0,0,0,0.0,0,0,0,0.0,0.0,0
Long,13183,2020-03-24,21,0,0,0,0,0.0,0,0,0,0.0,0.0,0
Long,13183,2020-03-25,22,0,0,0,0,0.0,0,0,0,0.0,0.0,0
Long,13183,2020-03-26,23,1,0,0,0,0.0,1,0,0,0.0,0.0,0
Long,13183,2020-03-27,24,1,0,0,0,0.0,0,0,0,0.0,0.0,0
Long,13183,2020-03-28,25,1,0,0,0,0.0,0,0,0,0.0,0.0,0
Lowndes,13185,2020-03-22,19,8,0,0,0,0.0,0,0,0,0.0,0.0,0
Lowndes,13185,2020-03-23,20,8,0,0,0,0.0,0,0,0,0.0,0.0,0
Lowndes,13185,2020-03-24,21,10,0,0,0,0.0,2,0,0,25.0,0.0,0
Lowndes,13185,2020-03-25,22,11,0,0,0,0.0,1,0,0,10.0,0.0,0
Lowndes,13185,2020-03-26,23,12,0,0,0,0.0,1,0,0,9.09,0.0,0
Lowndes,13185,2020-03-27,24,16,0,0,0,0.0,4,0,0,33.33,0.0,0
Lowndes,13185,2020-03-28,25,20,1,0,0,5.0,4,1,0,25.0,0.0,0
Lumpkin,13187,2020-03-22,19,1,0,0,0,0.0,0,0,0,0.0,0.0,0
Lumpkin,13187,2020-03-23,20,2,0,0,0,0.0,1,0,0,100.0,0.0,0
Lumpkin,13187,2020-03-24,21,3,0,0,0,0.0,1,0,0,50.0,0.0,0
Lumpkin,13187,2020-03-25,22,3,0,0,0,0.0,0,0,0,0.0,0.0,0
Lumpkin,13187,2020-03-26,23,4,0,0,0,0.0,1,0,0,33.33,0.0,0
Lumpkin,13187,2020-03-27,24,4,0,0,0,0.0,0,0,0,0.0,0.0,0
Lumpkin,13187,2020-03-28,25,4,0,0,0,0.0,0,0,0,0.0,0.0,0
Macon,13193,2020-03-22,19,0,0,0,0,0.0,0,0,0,0.0,0.0,0
Macon,13193,2020-03-23,20,0,0,0,0,0.0,0,0,0,0.0,0.0,0
Macon,13193,2020-03-24,21,1,0,0,0,0.0,1,0,0,0.0,0.0,0
Macon,13193,2020-03-25,22,1,0,0,0,0.0,0,0,0,0.0,0.0,0
Macon,13193,2020-03-26,23,1,0,0,0,0.0,0,0,0,0.0,0.0,0
Macon,13193,2020-03-27,24,1,0,0,0,0.0,0,0,0,0.0,0.0,0
Macon,13193,2020-03-28,25,1,0,0,0,0.0,0,0,0,0.0,0.0,0
Madison,13195,2020-03-22,19,0,0,0,0,0.0,0,0,0,0.0,0.0,0
Madison,13195,2020-03-23,20,1,0,0,0,0.0,1,0,0,0.0,0.0,0
Madison,13195,2020-03-24,21,1,0,0,0,0.0,0,0,0,0.0,0.0,0
Madison,13195,2020-03-25,22,1,0,0,0,0.0,0,0,0,0.0,0.0,0
Madison,13195,2020-03-26,23,2,0,0,0,0.0,1,0,0,100.0,0.0,0
Madison,13195,2020-03-27,24,3,0,0,0,0.0,1,0,0,50.0,0.0,0
Madison,13195,2020-03-28,25,3,0,0,0,0.0,0,0,0,0.0,0.0,0
Marion,13197,2020-03-22,19,0,0,0,0,0.0,0,0,0,0.0,0.0,0
Marion,13197,2020-03-23,20,0,0,0,0,0.0,0,0,0,0.0,0.0,0
Marion,13197,2020-03-24,21,0,0,0,0,0.0,0,0,0,0.0,0.0,0
Marion,13197,2020-03-25,22,0,0,0,0,0.0,0,0,0,0.0,0.0,0
Marion,13197,2020-03-26,23,0,0,0,0,0.0,0,0,0,0.0,0.0,0
Marion,13197,2020-03-27,24,0,0,0,0,0.0,0,0,0,0.0,0.0,0
Marion,13197,2020-03-28,25,0,0,0,0,0.0,0,0,0,0.0,0.0,0
McDuffie,13189,2020-03-22,19,0,0,0,0,0.0,0,0,0,0.0,0.0,0
McDuffie,13189,2020-03-23,20,0,0,0,0,0.0,0,0,0,0.0,0.0,0
McDuffie,13189,2020-03-24,21,0,0,0,0,0.0,0,0,0,0.0,0.0,0
McDuffie,13189,2020-03-25,22,0,0,0,0,0.0,0,0,0,0.0,0.0,0
McDuffie,13189,2020-03-26,23,0,0,0,0,0.0,0,0,0,0.0,0.0,0
McDuffie,13189,2020-03-27,24,0,0,0,0,0.0,0,0,0,0.0,0.0,0
McDuffie,13189,2020-03-28,25,1,0,0,0,0.0,1,0,0,0.0,0.0,0
McIntosh,13191,2020-03-22,19,0,0,0,0,0.0,0,0,0,0.0,0.0,0
McIntosh,13191,2020-03-23,20,0,0,0,0,0.0,0,0,0,0.0,0.0,0
McIntosh,13191,2020-03-24,21,0,0,0,0,0.0,0,0,0,0.0,0.0,0
McIntosh,13191,2020-03-25,22,0,0,0,0,0.0,0,0,0,0.0,0.0,0
McIntosh,13191,2020-03-26,23,0,0,0,0,0.0,0,0,0,0.0,0.0,0
McIntosh,13191,2020-03-27,24,0,0,0,0,0.0,0,0,0,0.0,0.0,0
McIntosh,13191,2020-03-28,25,0,0,0,0,0.0,0,0,0,0.0,0.0,0
Meriwether,13199,2020-03-22,19,0,0,0,0,0.0,0,0,0,0.0,0.0,0
Meriwether,13199,2020-03-23,20,0,0,0,0,0.0,0,0,0,0.0,0.0,0
Meriwether,13199,2020-03-24,21,1,0,0,0,0.0,1,0,0,0.0,0.0,0
Meriwether,13199,2020-03-25,22,1,0,0,0,0.0,0,0,0,0.0,0.0,0
Meriwether,13199,2020-03-26,23,1,0,0,0,0.0,0,0,0,0.0,0.0,0
Meriwether,13199,2020-03-27,24,3,0,0,0,0.0,2,0,0,200.0,0.0,0
Meriwether,13199,2020-03-28,25,3,0,0,0,0.0,0,0,0,0.0,0.0,0
Miller,13201,2020-03-22,19,1,0,0,0,0.0,0,0,0,0.0,0.0,0
Miller,13201,2020-03-23,20,1,0,0,0,0.0,0,0,0,0.0,0.0,0
Miller,13201,2020-03-24,21,1,0,0,0,0.0,0,0,0,0.0,0.0,0
Miller,13201,2020-03-25,22,2,0,0,0,0.0,1,0,0,100.0,0.0,0
Miller,13201,2020-03-26,23,2,0,0,0,0.0,0,0,0,0.0,0.0,0
Miller,13201,2020-03-27,24,2,0,0,0,0.0,0,0,0,0.0,0.0,0
Miller,13201,2020-03-28,25,4,0,0,0,0.0,2,0,0,100.0,0.0,0
Mitchell,13205,2020-03-22,19,0,0,0,0,0.0,0,0,0,0.0,0.0,0
Mitchell,13205,2020-03-23,20,0,0,0,0,0.0,0,0,0,0.0,0.0,0
Mitchell,13205,2020-03-24,21,3,0,0,0,0.0,3,0,0,0.0,0.0,0
Mitchell,13205,2020-03-25,22,4,0,0,0,0.0,1,0,0,33.33,0.0,0
Mitchell,13205,2020-03-26,23,10,0,0,0,0.0,6,0,0,150.0,0.0,0
Mitchell,13205,2020-03-27,24,14,0,0,0,0.0,4,0,0,40.0,0.0,0
Mitchell,13205,2020-03-28,25,14,0,0,0,0.0,0,0,0,0.0,0.0,0
Monroe,13207,2020-03-22,19,1,0,0,0,0.0,0,0,0,0.0,0.0,0
Monroe,13207,2020-03-23,20,1,0,0,0,0.0,0,0,0,0.0,0.0,0
Monroe,13207,2020-03-24,21,3,0,0,0,0.0,2,0,0,200.0,0.0,0
Monroe,13207,2020-03-25,22,3,0,0,0,0.0,0,0,0,0.0,0.0,0
Monroe,13207,2020-03-26,23,3,0,0,0,0.0,0,0,0,0.0,0.0,0
Monroe,13207,2020-03-27,24,3,0,0,0,0.0,0,0,0,0.0,0.0,0
Monroe,13207,2020-03-28,25,3,0,0,0,0.0,0,0,0,0.0,0.0,0
Montgomery,13209,2020-03-22,19,0,0,0,0,0.0,0,0,0,0.0,0.0,0
Montgomery,13209,2020-03-23,20,0,0,0,0,0.0,0,0,0,0.0,0.0,0
Montgomery,13209,2020-03-24,21,0,0,0,0,0.0,0,0,0,0.0,0.0,0
Montgomery,13209,2020-03-25,22,0,0,0,0,0.0,0,0,0,0.0,0.0,0
Montgomery,13209,2020-03-26,23,0,0,0,0,0.0,0,0,0,0.0,0.0,0
Montgomery,13209,2020-03-27,24,0,0,0,0,0.0,0,0,0,0.0,0.0,0
Montgomery,13209,2020-03-28,25,0,0,0,0,0.0,0,0,0,0.0,0.0,0
Morgan,13211,2020-03-22,19,0,0,0,0,0.0,0,0,0,0.0,0.0,0
Morgan,13211,2020-03-23,20,1,0,0,0,0.0,1,0,0,0.0,0.0,0
Morgan,13211,2020-03-24,21,1,0,0,0,0.0,0,0,0,0.0,0.0,0
Morgan,13211,2020-03-25,22,1,0,0,0,0.0,0,0,0,0.0,0.0,0
Morgan,13211,2020-03-26,23,1,0,0,0,0.0,0,0,0,0.0,0.0,0
Morgan,13211,2020-03-27,24,1,0,0,0,0.0,0,0,0,0.0,0.0,0
Morgan,13211,2020-03-28,25,1,0,0,0,0.0,0,0,0,0.0,0.0,0
Murray,13213,2020-03-22,19,0,0,0,0,0.0,0,0,0,0.0,0.0,0
Murray,13213,2020-03-23,20,0,0,0,0,0.0,0,0,0,0.0,0.0,0
Murray,13213,2020-03-24,21,0,0,0,0,0.0,0,0,0,0.0,0.0,0
Murray,13213,2020-03-25,22,0,0,0,0,0.0,0,0,0,0.0,0.0,0
Murray,13213,2020-03-26,23,0,0,0,0,0.0,0,0,0,0.0,0.0,0
Murray,13213,2020-03-27,24,0,0,0,0,0.0,0,0,0,0.0,0.0,0
Murray,13213,2020-03-28,25,2,0,0,0,0.0,2,0,0,0.0,0.0,0
Muscogee,13215,2020-03-22,19,2,0,0,0,0.0,0,0,0,0.0,0.0,0
Muscogee,13215,2020-03-23,20,2,0,0,0,0.0,0,0,0,0.0,0.0,0
Muscogee,13215,2020-03-24,21,3,0,0,0,0.0,1,0,0,50.0,0.0,0
Muscogee,13215,2020-03-25,22,4,0,0,0,0.0,1,0,0,33.33,0.0,0
Muscogee,13215,2020-03-26,23,5,0,0,0,0.0,1,0,0,25.0,0.0,0
Muscogee,13215,2020-03-27,24,8,0,0,0,0.0,3,0,0,60.0,0.0,0
Muscogee,13215,2020-03-28,25,8,0,0,0,0.0,0,0,0,0.0,0.0,0
Newton,13217,2020-03-22,19,4,0,0,0,0.0,0,0,0,0.0,0.0,0
Newton,13217,2020-03-23,20,4,0,0,0,0.0,0,0,0,0.0,0.0,0
Newton,13217,2020-03-24,21,5,0,0,0,0.0,1,0,0,25.0,0.0,0
Newton,13217,2020-03-25,22,7,0,0,0,0.0,2,0,0,40.0,0.0,0
Newton,13217,2020-03-26,23,10,0,0,0,0.0,3,0,0,42.86,0.0,0
Newton,13217,2020-03-27,24,15,0,0,0,0.0,5,0,0,50.0,0.0,0
Newton,13217,2020-03-28,25,15,0,0,0,0.0,0,0,0,0.0,0.0,0
Oconee,13219,2020-03-22,19,1,0,0,0,0.0,0,0,0,0.0,0.0,0
Oconee,13219,2020-03-23,20,3,0,0,0,0.0,2,0,0,200.0,0.0,0
Oconee,13219,2020-03-24,21,5,0,0,0,0.0,2,0,0,66.67,0.0,0
Oconee,13219,2020-03-25,22,5,0,0,0,0.0,0,0,0,0.0,0.0,0
Oconee,13219,2020-03-26,23,7,0,0,0,0.0,2,0,0,40.0,0.0,0
Oconee,13219,2020-03-27,24,10,0,0,0,0.0,3,0,0,42.86,0.0,0
Oconee,13219,2020-03-28,25,10,0,0,0,0.0,0,0,0,0.0,0.0,0
Oglethorpe,13221,2020-03-22,19,0,0,0,0,0.0,0,0,0,0.0,0.0,0
Oglethorpe,13221,2020-03-23,20,0,0,0,0,0.0,0,0,0,0.0,0.0,0
Oglethorpe,13221,2020-03-24,21,0,0,0,0,0.0,0,0,0,0.0,0.0,0
Oglethorpe,13221,2020-03-25,22,0,0,0,0,0.0,0,0,0,0.0,0.0,0
Oglethorpe,13221,2020-03-26,23,0,0,0,0,0.0,0,0,0,0.0,0.0,0
Oglethorpe,13221,2020-03-27,24,0,0,0,0,0.0,0,0,0,0.0,0.0,0
Oglethorpe,13221,2020-03-28,25,0,0,0,0,0.0,0,0,0,0.0,0.0,0
Paulding,13223,2020-03-22,19,4,0,0,0,0.0,0,0,0,0.0,0.0,0
Paulding,13223,2020-03-23,20,5,0,0,0,0.0,1,0,0,25.0,0.0,0
Paulding,13223,2020-03-24,21,6,0,0,0,0.0,1,0,0,20.0,0.0,0
Paulding,13223,2020-03-25,22,6,0,0,0,0.0,0,0,0,0.0,0.0,0
Paulding,13223,2020-03-26,23,7,0,0,0,0.0,1,0,0,16.67,0.0,0
Paulding,13223,2020-03-27,24,12,0,0,0,0.0,5,0,0,71.43,0.0,0
Paulding,13223,2020-03-28,25,19,0,0,0,0.0,7,0,0,58.33,0.0,0
Peach,13225,2020-03-22,19,3,0,0,0,0.0,0,0,0,0.0,0.0,0
Peach,13225,2020-03-23,20,3,0,0,0,0.0,0,0,0,0.0,0.0,0
Peach,13225,2020-03-24,21,3,0,0,0,0.0,0,0,0,0.0,0.0,0
Peach,13225,2020-03-25,22,4,0,0,0,0.0,1,0,0,33.33,0.0,0
Peach,13225,2020-03-26,23,5,0,0,0,0.0,1,0,0,25.0,0.0,0
Peach,13225,2020-03-27,24,6,0,0,0,0.0,1,0,0,20.0,0.0,0
Peach,13225,2020-03-28,25,6,0,0,0,0.0,0,0,0,0.0,0.0,0
Pickens,13227,2020-03-22,19,2,0,0,0,0.0,0,0,0,0.0,0.0,0
Pickens,13227,2020-03-23,20,2,0,0,0,0.0,0,0,0,0.0,0.0,0
Pickens,13227,2020-03-24,21,4,0,0,0,0.0,2,0,0,100.0,0.0,0
Pickens,13227,2020-03-25,22,4,0,0,0,0.0,0,0,0,0.0,0.0,0
Pickens,13227,2020-03-26,23,4,0,0,0,0.0,0,0,0,0.0,0.0,0
Pickens,13227,2020-03-27,24,4,0,0,0,0.0,0,0,0,0.0,0.0,0
Pickens,13227,2020-03-28,25,5,1,0,0,20.0,1,1,0,25.0,0.0,0
Pierce,13229,2020-03-22,19,0,0,0,0,0.0,0,0,0,0.0,0.0,0
Pierce,13229,2020-03-23,20,1,0,0,0,0.0,1,0,0,0.0,0.0,0
Pierce,13229,2020-03-24,21,1,0,0,0,0.0,0,0,0,0.0,0.0,0
Pierce,13229,2020-03-25,22,1,0,0,0,0.0,0,0,0,0.0,0.0,0
Pierce,13229,2020-03-26,23,1,0,0,0,0.0,0,0,0,0.0,0.0,0
Pierce,13229,2020-03-27,24,1,0,0,0,0.0,0,0,0,0.0,0.0,0
Pierce,13229,2020-03-28,25,1,0,0,0,0.0,0,0,0,0.0,0.0,0
Pike,13231,2020-03-22,19,0,0,0,0,0.0,0,0,0,0.0,0.0,0
Pike,13231,2020-03-23,20,0,0,0,0,0.0,0,0,0,0.0,0.0,0
Pike,13231,2020-03-24,21,0,0,0,0,0.0,0,0,0,0.0,0.0,0
Pike,13231,2020-03-25,22,0,0,0,0,0.0,0,0,0,0.0,0.0,0
Pike,13231,2020-03-26,23,0,0,0,0,0.0,0,0,0,0.0,0.0,0
Pike,13231,2020-03-27,24,0,0,0,0,0.0,0,0,0,0.0,0.0,0
Pike,13231,2020-03-28,25,1,0,0,0,0.0,1,0,0,0.0,0.0,0
Polk,13233,2020-03-22,19,4,0,0,0,0.0,0,0,0,0.0,0.0,0
Polk,13233,2020-03-23,20,4,0,0,0,0.0,0,0,0,0.0,0.0,0
Polk,13233,2020-03-24,21,8,0,0,0,0.0,4,0,0,100.0,0.0,0
Polk,13233,2020-03-25,22,8,0,0,0,0.0,0,0,0,0.0,0.0,0
Polk,13233,2020-03-26,23,10,0,0,0,0.0,2,0,0,25.0,0.0,0
Polk,13233,2020-03-27,24,10,0,0,0,0.0,0,0,0,0.0,0.0,0
Polk,13233,2020-03-28,25,10,0,0,0,0.0,0,0,0,0.0,0.0,0
Pulaski,13235,2020-03-22,19,0,0,0,0,0.0,0,0,0,0.0,0.0,0
Pulaski,13235,2020-03-23,20,0,0,0,0,0.0,0,0,0,0.0,0.0,0
Pulaski,13235,2020-03-24,21,1,0,0,0,0.0,1,0,0,0.0,0.0,0
Pulaski,13235,2020-03-25,22,1,0,0,0,0.0,0,0,0,0.0,0.0,0
Pulaski,13235,2020-03-26,23,1,0,0,0,0.0,0,0,0,0.0,0.0,0
Pulaski,13235,2020-03-27,24,1,0,0,0,0.0,0,0,0,0.0,0.0,0
Pulaski,13235,2020-03-28,25,2,0,0,0,0.0,1,0,0,100.0,0.0,0
Putnam,13237,2020-03-22,19,0,0,0,0,0.0,0,0,0,0.0,0.0,0
Putnam,13237,2020-03-23,20,0,0,0,0,0.0,0,0,0,0.0,0.0,0
Putnam,13237,2020-03-24,21,0,0,0,0,0.0,0,0,0,0.0,0.0,0
Putnam,13237,2020-03-25,22,0,0,0,0,0.0,0,0,0,0.0,0.0,0
Putnam,13237,2020-03-26,23,0,0,0,0,0.0,0,0,0,0.0,0.0,0
Putnam,13237,2020-03-27,24,0,0,0,0,0.0,0,0,0,0.0,0.0,0
Putnam,13237,2020-03-28,25,0,0,0,0,0.0,0,0,0,0.0,0.0,0
Quitman,13239,2020-03-22,19,0,0,0,0,0.0,0,0,0,0.0,0.0,0
Quitman,13239,2020-03-23,20,0,0,0,0,0.0,0,0,0,0.0,0.0,0
Quitman,13239,2020-03-24,21,0,0,0,0,0.0,0,0,0,0.0,0.0,0
Quitman,13239,2020-03-25,22,0,0,0,0,0.0,0,0,0,0.0,0.0,0
Quitman,13239,2020-03-26,23,0,0,0,0,0.0,0,0,0,0.0,0.0,0
Quitman,13239,2020-03-27,24,0,0,0,0,0.0,0,0,0,0.0,0.0,0
Quitman,13239,2020-03-28,25,0,0,0,0,0.0,0,0,0,0.0,0.0,0
Rabun,13241,2020-03-22,19,0,0,0,0,0.0,0,0,0,0.0,0.0,0
Rabun,13241,2020-03-23,20,0,0,0,0,0.0,0,0,0,0.0,0.0,0
Rabun,13241,2020-03-24,21,0,0,0,0,0.0,0,0,0,0.0,0.0,0
Rabun,13241,2020-03-25,22,0,0,0,0,0.0,0,0,0,0.0,0.0,0
Rabun,13241,2020-03-26,23,0,0,0,0,0.0,0,0,0,0.0,0.0,0
Rabun,13241,2020-03-27,24,0,0,0,0,0.0,0,0,0,0.0,0.0,0
Rabun,13241,2020-03-28,25,0,0,0,0,0.0,0,0,0,0.0,0.0,0
Randolph,13243,2020-03-22,19,1,0,0,0,0.0,0,0,0,0.0,0.0,0
Randolph,13243,2020-03-23,20,1,0,0,0,0.0,0,0,0,0.0,0.0,0
Randolph,13243,2020-03-24,21,1,0,0,0,0.0,0,0,0,0.0,0.0,0
Randolph,13243,2020-03-25,22,1,0,0,0,0.0,0,0,0,0.0,0.0,0
Randolph,13243,2020-03-26,23,1,0,0,0,0.0,0,0,0,0.0,0.0,0
Randolph,13243,2020-03-27,24,3,0,0,0,0.0,2,0,0,200.0,0.0,0
Randolph,13243,2020-03-28,25,3,0,0,0,0.0,0,0,0,0.0,0.0,0
Richmond,13245,2020-03-22,19,10,0,0,0,0.0,0,0,0,0.0,0.0,0
Richmond,13245,2020-03-23,20,11,0,0,0,0.0,1,0,0,10.0,0.0,0
Richmond,13245,2020-03-24,21,11,0,0,0,0.0,0,0,0,0.0,0.0,0
Richmond,13245,2020-03-25,22,11,0,0,0,0.0,0,0,0,0.0,0.0,0
Richmond,13245,2020-03-26,23,10,0,0,0,0.0,-1,0,0,-9.09,0.0,0
Richmond,13245,2020-03-27,24,11,0,0,0,0.0,1,0,0,10.0,0.0,0
Richmond,13245,2020-03-28,25,12,0,0,0,0.0,1,0,0,9.09,0.0,0
Rockdale,13247,2020-03-22,19,2,0,0,0,0.0,0,0,0,0.0,0.0,0
Rockdale,13247,2020-03-23,20,4,0,0,0,0.0,2,0,0,100.0,0.0,0
Rockdale,13247,2020-03-24,21,7,0,0,0,0.0,3,0,0,75.0,0.0,0
Rockdale,13247,2020-03-25,22,9,0,0,0,0.0,2,0,0,28.57,0.0,0
Rockdale,13247,2020-03-26,23,12,0,0,0,0.0,3,0,0,33.33,0.0,0
Rockdale,13247,2020-03-27,24,16,0,0,0,0.0,4,0,0,33.33,0.0,0
Rockdale,13247,2020-03-28,25,17,1,0,0,5.88,1,1,0,6.25,0.0,0
Schley,13249,2020-03-22,19,0,0,0,0,0.0,0,0,0,0.0,0.0,0
Schley,13249,2020-03-23,20,0,0,0,0,0.0,0,0,0,0.0,0.0,0
Schley,13249,2020-03-24,21,0,0,0,0,0.0,0,0,0,0.0,0.0,0
Schley,13249,2020-03-25,22,0,0,0,0,0.0,0,0,0,0.0,0.0,0
Schley,13249,2020-03-26,23,0,0,0,0,0.0,0,0,0,0.0,0.0,0
Schley,13249,2020-03-27,24,0,0,0,0,0.0,0,0,0,0.0,0.0,0
Schley,13249,2020-03-28,25,0,0,0,0,0.0,0,0,0,0.0,0.0,0
Screven,13251,2020-03-22,19,0,0,0,0,0.0,0,0,0,0.0,0.0,0
Screven,13251,2020-03-23,20,0,0,0,0,0.0,0,0,0,0.0,0.0,0
Screven,13251,2020-03-24,21,0,0,0,0,0.0,0,0,0,0.0,0.0,0
Screven,13251,2020-03-25,22,0,0,0,0,0.0,0,0,0,0.0,0.0,0
Screven,13251,2020-03-26,23,0,0,0,0,0.0,0,0,0,0.0,0.0,0
Screven,13251,2020-03-27,24,0,0,0,0,0.0,0,0,0,0.0,0.0,0
Screven,13251,2020-03-28,25,0,0,0,0,0.0,0,0,0,0.0,0.0,0
Seminole,13253,2020-03-22,19,0,0,0,0,0.0,0,0,0,0.0,0.0,0
Seminole,13253,2020-03-23,20,0,0,0,0,0.0,0,0,0,0.0,0.0,0
Seminole,13253,2020-03-24,21,0,0,0,0,0.0,0,0,0,0.0,0.0,0
Seminole,13253,2020-03-25,22,2,0,0,0,0.0,2,0,0,0.0,0.0,0
Seminole,13253,2020-03-26,23,2,0,0,0,0.0,0,0,0,0.0,0.0,0
Seminole,13253,2020-03-27,24,2,0,0,0,0.0,0,0,0,0.0,0.0,0
Seminole,13253,2020-03-28,25,3,0,0,0,0.0,1,0,0,50.0,0.0,0
Spalding,13255,2020-03-22,19,2,0,0,0,0.0,0,0,0,0.0,0.0,0
Spalding,13255,2020-03-23,20,4,0,0,0,0.0,2,0,0,100.0,0.0,0
Spalding,13255,2020-03-24,21,5,0,0,0,0.0,1,0,0,25.0,0.0,0
Spalding,13255,2020-03-25,22,6,0,0,0,0.0,1,0,0,20.0,0.0,0
Spalding,13255,2020-03-26,23,11,0,0,0,0.0,5,0,0,83.33,0.0,0
Spalding,13255,2020-03-27,24,11,0,0,0,0.0,0,0,0,0.0,0.0,0
Spalding,13255,2020-03-28,25,11,0,0,0,0.0,0,0,0,0.0,0.0,0
Stephens,13257,2020-03-22,19,0,0,0,0,0.0,0,0,0,0.0,0.0,0
Stephens,13257,2020-03-23,20,0,0,0,0,0.0,0,0,0,0.0,0.0,0
Stephens,13257,2020-03-24,21,1,0,0,0,0.0,1,0,0,0.0,0.0,0
Stephens,13257,2020-03-25,22,2,0,0,0,0.0,1,0,0,100.0,0.0,0
Stephens,13257,2020-03-26,23,1,0,0,0,0.0,-1,0,0,-50.0,0.0,0
Stephens,13257,2020-03-27,24,1,0,0,0,0.0,0,0,0,0.0,0.0,0
Stephens,13257,2020-03-28,25,2,0,0,0,0.0,1,0,0,100.0,0.0,0
Stewart,13259,2020-03-22,19,0,0,0,0,0.0,0,0,0,0.0,0.0,0
Stewart,13259,2020-03-23,20,0,0,0,0,0.0,0,0,0,0.0,0.0,0
Stewart,13259,2020-03-24,21,0,0,0,0,0.0,0,0,0,0.0,0.0,0
Stewart,13259,2020-03-25,22,0,0,0,0,0.0,0,0,0,0.0,0.0,0
Stewart,13259,2020-03-26,23,0,0,0,0,0.0,0,0,0,0.0,0.0,0
Stewart,13259,2020-03-27,24,0,0,0,0,0.0,0,0,0,0.0,0.0,0
Stewart,13259,2020-03-28,25,0,0,0,0,0.0,0,0,0,0.0,0.0,0
Sumter,13261,2020-03-22,19,2,0,0,0,0.0,0,0,0,0.0,0.0,0
Sumter,13261,2020-03-23,20,2,0,0,0,0.0,0,0,0,0.0,0.0,0
Sumter,13261,2020-03-24,21,2,0,0,0,0.0,0,0,0,0.0,0.0,0
Sumter,13261,2020-03-25,22,5,0,0,0,0.0,3,0,0,150.0,0.0,0
Sumter,13261,2020-03-26,23,5,0,0,0,0.0,0,0,0,0.0,0.0,0
Sumter,13261,2020-03-27,24,10,0,0,0,0.0,5,0,0,100.0,0.0,0
Sumter,13261,2020-03-28,25,11,0,0,0,0.0,1,0,0,10.0,0.0,0
Talbot,13263,2020-03-22,19,0,0,0,0,0.0,0,0,0,0.0,0.0,0
Talbot,13263,2020-03-23,20,0,0,0,0,0.0,0,0,0,0.0,0.0,0
Talbot,13263,2020-03-24,21,0,0,0,0,0.0,0,0,0,0.0,0.0,0
Talbot,13263,2020-03-25,22,0,0,0,0,0.0,0,0,0,0.0,0.0,0
Talbot,13263,2020-03-26,23,0,0,0,0,0.0,0,0,0,0.0,0.0,0
Talbot,13263,2020-03-27,24,0,0,0,0,0.0,0,0,0,0.0,0.0,0
Talbot,13263,2020-03-28,25,0,0,0,0,0.0,0,0,0,0.0,0.0,0
Taliaferro,13265,2020-03-22,19,0,0,0,0,0.0,0,0,0,0.0,0.0,0
Taliaferro,13265,2020-03-23,20,0,0,0,0,0.0,0,0,0,0.0,0.0,0
Taliaferro,13265,2020-03-24,21,0,0,0,0,0.0,0,0,0,0.0,0.0,0
Taliaferro,13265,2020-03-25,22,0,0,0,0,0.0,0,0,0,0.0,0.0,0
Taliaferro,13265,2020-03-26,23,0,0,0,0,0.0,0,0,0,0.0,0.0,0
Taliaferro,13265,2020-03-27,24,0,0,0,0,0.0,0,0,0,0.0,0.0,0
Taliaferro,13265,2020-03-28,25,0,0,0,0,0.0,0,0,0,0.0,0.0,0
Tattnall,13267,2020-03-22,19,0,0,0,0,0.0,0,0,0,0.0,0.0,0
Tattnall,13267,2020-03-23,20,1,0,0,0,0.0,1,0,0,0.0,0.0,0
Tattnall,13267,2020-03-24,21,1,0,0,0,0.0,0,0,0,0.0,0.0,0
Tattnall,13267,2020-03-25,22,1,0,0,0,0.0,0,0,0,0.0,0.0,0
Tattnall,13267,2020-03-26,23,2,0,0,0,0.0,1,0,0,100.0,0.0,0
Tattnall,13267,2020-03-27,24,2,0,0,0,0.0,0,0,0,0.0,0.0,0
Tattnall,13267,2020-03-28,25,2,0,0,0,0.0,0,0,0,0.0,0.0,0
Taylor,13269,2020-03-22,19,0,0,0,0,0.0,0,0,0,0.0,0.0,0
Taylor,13269,2020-03-23,20,0,0,0,0,0.0,0,0,0,0.0,0.0,0
Taylor,13269,2020-03-24,21,0,0,0,0,0.0,0,0,0,0.0,0.0,0
Taylor,13269,2020-03-25,22,1,0,0,0,0.0,1,0,0,0.0,0.0,0
Taylor,13269,2020-03-26,23,1,0,0,0,0.0,0,0,0,0.0,0.0,0
Taylor,13269,2020-03-27,24,1,0,0,0,0.0,0,0,0,0.0,0.0,0
Taylor,13269,2020-03-28,25,1,0,0,0,0.0,0,0,0,0.0,0.0,0
Telfair,13271,2020-03-22,19,0,0,0,0,0.0,0,0,0,0.0,0.0,0
Telfair,13271,2020-03-23,20,0,0,0,0,0.0,0,0,0,0.0,0.0,0
Telfair,13271,2020-03-24,21,0,0,0,0,0.0,0,0,0,0.0,0.0,0
Telfair,13271,2020-03-25,22,1,0,0,0,0.0,1,0,0,0.0,0.0,0
Telfair,13271,2020-03-26,23,0,0,0,0,0.0,-1,0,0,-100.0,0.0,0
Telfair,13271,2020-03-27,24,0,0,0,0,0.0,0,0,0,0.0,0.0,0
Telfair,13271,2020-03-28,25,0,0,0,0,0.0,0,0,0,0.0,0.0,0
Terrell,13273,2020-03-22,19,2,0,0,0,0.0,0,0,0,0.0,0.0,0
Terrell,13273,2020-03-23,20,2,0,0,0,0.0,0,0,0,0.0,0.0,0
Terrell,13273,2020-03-24,21,3,0,0,0,0.0,1,0,0,50.0,0.0,0
Terrell,13273,2020-03-25,22,3,0,0,0,0.0,0,0,0,0.0,0.0,0
Terrell,13273,2020-03-26,23,5,0,0,0,0.0,2,0,0,66.67,0.0,0
Terrell,13273,2020-03-27,24,6,0,0,0,0.0,1,0,0,20.0,0.0,0
Terrell,13273,2020-03-28,25,6,2,0,0,33.33,0,2,0,0.0,0.0,0
Thomas,13275,2020-03-22,19,0,0,0,0,0.0,0,0,0,0.0,0.0,0
Thomas,13275,2020-03-23,20,0,0,0,0,0.0,0,0,0,0.0,0.0,0
Thomas,13275,2020-03-24,21,0,0,0,0,0.0,0,0,0,0.0,0.0,0
Thomas,13275,2020-03-25,22,1,0,0,0,0.0,1,0,0,0.0,0.0,0
Thomas,13275,2020-03-26,23,1,0,0,0,0.0,0,0,0,0.0,0.0,0
Thomas,13275,2020-03-27,24,3,0,0,0,0.0,2,0,0,200.0,0.0,0
Thomas,13275,2020-03-28,25,6,0,0,0,0.0,3,0,0,100.0,0.0,0
Tift,13277,2020-03-22,19,2,0,0,0,0.0,0,0,0,0.0,0.0,0
Tift,13277,2020-03-23,20,2,0,0,0,0.0,0,0,0,0.0,0.0,0
Tift,13277,2020-03-24,21,2,0,0,0,0.0,0,0,0,0.0,0.0,0
Tift,13277,2020-03-25,22,5,0,0,0,0.0,3,0,0,150.0,0.0,0
Tift,13277,2020-03-26,23,5,0,0,0,0.0,0,0,0,0.0,0.0,0
Tift,13277,2020-03-27,24,11,0,0,0,0.0,6,0,0,120.0,0.0,0
Tift,13277,2020-03-28,25,13,0,0,0,0.0,2,0,0,18.18,0.0,0
Toombs,13279,2020-03-22,19,0,0,0,0,0.0,0,0,0,0.0,0.0,0
Toombs,13279,2020-03-23,20,0,0,0,0,0.0,0,0,0,0.0,0.0,0
Toombs,13279,2020-03-24,21,0,0,0,0,0.0,0,0,0,0.0,0.0,0
Toombs,13279,2020-03-25,22,0,0,0,0,0.0,0,0,0,0.0,0.0,0
Toombs,13279,2020-03-26,23,1,0,0,0,0.0,1,0,0,0.0,0.0,0
Toombs,13279,2020-03-27,24,1,0,0,0,0.0,0,0,0,0.0,0.0,0
Toombs,13279,2020-03-28,25,1,0,0,0,0.0,0,0,0,0.0,0.0,0
Towns,13281,2020-03-22,19,0,0,0,0,0.0,0,0,0,0.0,0.0,0
Towns,13281,2020-03-23,20,0,0,0,0,0.0,0,0,0,0.0,0.0,0
Towns,13281,2020-03-24,21,0,0,0,0,0.0,0,0,0,0.0,0.0,0
Towns,13281,2020-03-25,22,0,0,0,0,0.0,0,0,0,0.0,0.0,0
Towns,13281,2020-03-26,23,0,0,0,0,0.0,0,0,0,0.0,0.0,0
Towns,13281,2020-03-27,24,0,0,0,0,0.0,0,0,0,0.0,0.0,0
Towns,13281,2020-03-28,25,0,0,0,0,0.0,0,0,0,0.0,0.0,0
Treutlen,13283,2020-03-22,19,0,0,0,0,0.0,0,0,0,0.0,0.0,0
Treutlen,13283,2020-03-23,20,0,0,0,0,0.0,0,0,0,0.0,0.0,0
Treutlen,13283,2020-03-24,21,0,0,0,0,0.0,0,0,0,0.0,0.0,0
Treutlen,13283,2020-03-25,22,0,0,0,0,0.0,0,0,0,0.0,0.0,0
Treutlen,13283,2020-03-26,23,0,0,0,0,0.0,0,0,0,0.0,0.0,0
Treutlen,13283,2020-03-27,24,0,0,0,0,0.0,0,0,0,0.0,0.0,0
Treutlen,13283,2020-03-28,25,0,0,0,0,0.0,0,0,0,0.0,0.0,0
Troup,13285,2020-03-22,19,4,0,0,0,0.0,0,0,0,0.0,0.0,0
Troup,13285,2020-03-23,20,4,0,0,0,0.0,0,0,0,0.0,0.0,0
Troup,13285,2020-03-24,21,6,0,0,0,0.0,2,0,0,50.0,0.0,0
Troup,13285,2020-03-25,22,6,0,0,0,0.0,0,0,0,0.0,0.0,0
Troup,13285,2020-03-26,23,10,0,0,0,0.0,4,0,0,66.67,0.0,0
Troup,13285,2020-03-27,24,11,0,0,0,0.0,1,0,0,10.0,0.0,0
Troup,13285,2020-03-28,25,9,1,0,0,11.11,-2,1,0,-18.18,0.0,0
Turner,13287,2020-03-22,19,1,0,0,0,0.0,0,0,0,0.0,0.0,0
Turner,13287,2020-03-23,20,1,0,0,0,0.0,0,0,0,0.0,0.0,0
Turner,13287,2020-03-24,21,1,0,0,0,0.0,0,0,0,0.0,0.0,0
Turner,13287,2020-03-25,22,1,0,0,0,0.0,0,0,0,0.0,0.0,0
Turner,13287,2020-03-26,23,2,0,0,0,0.0,1,0,0,100.0,0.0,0
Turner,13287,2020-03-27,24,2,0,0,0,0.0,0,0,0,0.0,0.0,0
Turner,13287,2020-03-28,25,2,0,0,0,0.0,0,0,0,0.0,0.0,0
Twiggs,13289,2020-03-22,19,1,0,0,0,0.0,0,0,0,0.0,0.0,0
Twiggs,13289,2020-03-23,20,1,0,0,0,0.0,0,0,0,0.0,0.0,0
Twiggs,13289,2020-03-24,21,1,0,0,0,0.0,0,0,0,0.0,0.0,0
Twiggs,13289,2020-03-25,22,2,0,0,0,0.0,1,0,0,100.0,0.0,0
Twiggs,13289,2020-03-26,23,2,0,0,0,0.0,0,0,0,0.0,0.0,0
Twiggs,13289,2020-03-27,24,2,0,0,0,0.0,0,0,0,0.0,0.0,0
Twiggs,13289,2020-03-28,25,2,0,0,0,0.0,0,0,0,0.0,0.0,0
Unassigned,0,2020-03-22,19,36,10,0,0,27.78,0,0,0,0.0,0.0,0
Unassigned,0,2020-03-23,20,45,10,0,0,22.22,9,0,0,25.0,0.0,0
Unassigned,0,2020-03-24,21,81,17,0,0,20.99,36,7,0,80.0,70.0,0
Unassigned,0,2020-03-25,22,146,24,0,0,16.44,65,7,0,80.25,41.18,0
Unassigned,0,2020-03-26,23,166,32,0,0,19.28,20,8,0,13.7,33.33,0
Unassigned,0,2020-03-27,24,217,42,0,0,19.35,51,10,0,30.72,31.25,0
Unassigned,0,2020-03-28,25,230,2,0,0,0.87,13,-40,0,5.99,-95.24,0
Union,13291,2020-03-22,19,0,0,0,0,0.0,0,0,0,0.0,0.0,0
Union,13291,2020-03-23,20,0,0,0,0,0.0,0,0,0,0.0,0.0,0
Union,13291,2020-03-24,21,0,0,0,0,0.0,0,0,0,0.0,0.0,0
Union,13291,2020-03-25,22,0,0,0,0,0.0,0,0,0,0.0,0.0,0
Union,13291,2020-03-26,23,0,0,0,0,0.0,0,0,0,0.0,0.0,0
Union,13291,2020-03-27,24,0,0,0,0,0.0,0,0,0,0.0,0.0,0
Union,13291,2020-03-28,25,0,0,0,0,0.0,0,0,0,0.0,0.0,0
Upson,13293,2020-03-22,19,0,0,0,0,0.0,0,0,0,0.0,0.0,0
Upson,13293,2020-03-23,20,0,0,0,0,0.0,0,0,0,0.0,0.0,0
Upson,13293,2020-03-24,21,0,0,0,0,0.0,0,0,0,0.0,0.0,0
Upson,13293,2020-03-25,22,0,0,0,0,0.0,0,0,0,0.0,0.0,0
Upson,13293,2020-03-26,23,0,0,0,0,0.0,0,0,0,0.0,0.0,0
Upson,13293,2020-03-27,24,2,0,0,0,0.0,2,0,0,0.0,0.0,0
Upson,13293,2020-03-28,25,4,0,0,0,0.0,2,0,0,100.0,0.0,0
Walker,13295,2020-03-22,19,0,0,0,0,0.0,0,0,0,0.0,0.0,0
Walker,13295,2020-03-23,20,0,0,0,0,0.0,0,0,0,0.0,0.0,0
Walker,13295,2020-03-24,21,0,0,0,0,0.0,0,0,0,0.0,0.0,0
Walker,13295,2020-03-25,22,0,0,0,0,0.0,0,0,0,0.0,0.0,0
Walker,13295,2020-03-26,23,0,0,0,0,0.0,0,0,0,0.0,0.0,0
Walker,13295,2020-03-27,24,0,0,0,0,0.0,0,0,0,0.0,0.0,0
Walker,13295,2020-03-28,25,0,0,0,0,0.0,0,0,0,0.0,0.0,0
Walton,13297,2020-03-22,19,0,0,0,0,0.0,0,0,0,0.0,0.0,0
Walton,13297,2020-03-23,20,0,0,0,0,0.0,0,0,0,0.0,0.0,0
Walton,13297,2020-03-24,21,1,0,0,0,0.0,1,0,0,0.0,0.0,0
Walton,13297,2020-03-25,22,1,0,0,0,0.0,0,0,0,0.0,0.0,0
Walton,13297,2020-03-26,23,0,0,0,0,0.0,-1,0,0,-100.0,0.0,0
Walton,13297,2020-03-27,24,0,0,0,0,0.0,0,0,0,0.0,0.0,0
Walton,13297,2020-03-28,25,2,0,0,0,0.0,2,0,0,0.0,0.0,0
Ware,13299,2020-03-22,19,0,0,0,0,0.0,0,0,0,0.0,0.0,0
Ware,13299,2020-03-23,20,0,0,0,0,0.0,0,0,0,0.0,0.0,0
Ware,13299,2020-03-24,21,0,0,0,0,0.0,0,0,0,0.0,0.0,0
Ware,13299,2020-03-25,22,0,0,0,0,0.0,0,0,0,0.0,0.0,0
Ware,13299,2020-03-26,23,1,0,0,0,0.0,1,0,0,0.0,0.0,0
Ware,13299,2020-03-27,24,2,0,0,0,0.0,1,0,0,100.0,0.0,0
Ware,13299,2020-03-28,25,2,0,0,0,0.0,0,0,0,0.0,0.0,0
Warren,13301,2020-03-22,19,0,0,0,0,0.0,0,0,0,0.0,0.0,0
Warren,13301,2020-03-23,20,0,0,0,0,0.0,0,0,0,0.0,0.0,0
Warren,13301,2020-03-24,21,0,0,0,0,0.0,0,0,0,0.0,0.0,0
Warren,13301,2020-03-25,22,0,0,0,0,0.0,0,0,0,0.0,0.0,0
Warren,13301,2020-03-26,23,0,0,0,0,0.0,0,0,0,0.0,0.0,0
Warren,13301,2020-03-27,24,0,0,0,0,0.0,0,0,0,0.0,0.0,0
Warren,13301,2020-03-28,25,0,0,0,0,0.0,0,0,0,0.0,0.0,0
Washington,13303,2020-03-22,19,0,0,0,0,0.0,0,0,0,0.0,0.0,0
Washington,13303,2020-03-23,20,1,0,0,0,0.0,1,0,0,0.0,0.0,0
Washington,13303,2020-03-24,21,1,0,0,0,0.0,0,0,0,0.0,0.0,0
Washington,13303,2020-03-25,22,2,0,0,0,0.0,1,0,0,100.0,0.0,0
Washington,13303,2020-03-26,23,2,0,0,0,0.0,0,0,0,0.0,0.0,0
Washington,13303,2020-03-27,24,2,0,0,0,0.0,0,0,0,0.0,0.0,0
Washington,13303,2020-03-28,25,2,0,0,0,0.0,0,0,0,0.0,0.0,0
Wayne,13305,2020-03-22,19,0,0,0,0,0.0,0,0,0,0.0,0.0,0
Wayne,13305,2020-03-23,20,0,0,0,0,0.0,0,0,0,0.0,0.0,0
Wayne,13305,2020-03-24,21,0,0,0,0,0.0,0,0,0,0.0,0.0,0
Wayne,13305,2020-03-25,22,0,0,0,0,0.0,0,0,0,0.0,0.0,0
Wayne,13305,2020-03-26,23,0,0,0,0,0.0,0,0,0,0.0,0.0,0
Wayne,13305,2020-03-27,24,0,0,0,0,0.0,0,0,0,0.0,0.0,0
Wayne,13305,2020-03-28,25,0,0,0,0,0.0,0,0,0,0.0,0.0,0
Webster,13307,2020-03-22,19,0,0,0,0,0.0,0,0,0,0.0,0.0,0
Webster,13307,2020-03-23,20,0,0,0,0,0.0,0,0,0,0.0,0.0,0
Webster,13307,2020-03-24,21,0,0,0,0,0.0,0,0,0,0.0,0.0,0
Webster,13307,2020-03-25,22,0,0,0,0,0.0,0,0,0,0.0,0.0,0
Webster,13307,2020-03-26,23,0,0,0,0,0.0,0,0,0,0.0,0.0,0
Webster,13307,2020-03-27,24,0,0,0,0,0.0,0,0,0,0.0,0.0,0
Webster,13307,2020-03-28,25,0,0,0,0,0.0,0,0,0,0.0,0.0,0
Wheeler,13309,2020-03-22,19,0,0,0,0,0.0,0,0,0,0.0,0.0,0
Wheeler,13309,2020-03-23,20,0,0,0,0,0.0,0,0,0,0.0,0.0,0
Wheeler,13309,2020-03-24,21,0,0,0,0,0.0,0,0,0,0.0,0.0,0
Wheeler,13309,2020-03-25,22,0,0,0,0,0.0,0,0,0,0.0,0.0,0
Wheeler,13309,2020-03-26,23,0,0,0,0,0.0,0,0,0,0.0,0.0,0
Wheeler,13309,2020-03-27,24,0,0,0,0,0.0,0,0,0,0.0,0.0,0
Wheeler,13309,2020-03-28,25,0,0,0,0,0.0,0,0,0,0.0,0.0,0
White,13311,2020-03-22,19,0,0,0,0,0.0,0,0,0,0.0,0.0,0
White,13311,2020-03-23,20,0,0,0,0,0.0,0,0,0,0.0,0.0,0
White,13311,2020-03-24,21,0,0,0,0,0.0,0,0,0,0.0,0.0,0
White,13311,2020-03-25,22,1,0,0,0,0.0,1,0,0,0.0,0.0,0
White,13311,2020-03-26,23,1,0,0,0,0.0,0,0,0,0.0,0.0,0
White,13311,2020-03-27,24,1,0,0,0,0.0,0,0,0,0.0,0.0,0
White,13311,2020-03-28,25,1,0,0,0,0.0,0,0,0,0.0,0.0,0
Whitfield,13313,2020-03-22,19,2,0,0,0,0.0,0,0,0,0.0,0.0,0
Whitfield,13313,2020-03-23,20,2,0,0,0,0.0,0,0,0,0.0,0.0,0
Whitfield,13313,2020-03-24,21,2,0,0,0,0.0,0,0,0,0.0,0.0,0
Whitfield,13313,2020-03-25,22,4,0,0,0,0.0,2,0,0,100.0,0.0,0
Whitfield,13313,2020-03-26,23,5,0,0,0,0.0,1,0,0,25.0,0.0,0
Whitfield,13313,2020-03-27,24,6,0,0,0,0.0,1,0,0,20.0,0.0,0
Whitfield,13313,2020-03-28,25,6,0,0,0,0.0,0,0,0,0.0,0.0,0
Wilcox,13315,2020-03-22,19,0,0,0,0,0.0,0,0,0,0.0,0.0,0
Wilcox,13315,2020-03-23,20,0,0,0,0,0.0,0,0,0,0.0,0.0,0
Wilcox,13315,2020-03-24,21,0,0,0,0,0.0,0,0,0,0.0,0.0,0
Wilcox,13315,2020-03-25,22,0,0,0,0,0.0,0,0,0,0.0,0.0,0
Wilcox,13315,2020-03-26,23,0,0,0,0,0.0,0,0,0,0.0,0.0,0
Wilcox,13315,2020-03-27,24,0,0,0,0,0.0,0,0,0,0.0,0.0,0
Wilcox,13315,2020-03-28,25,0,0,0,0,0.0,0,0,0,0.0,0.0,0
Wilkes,13317,2020-03-22,19,0,0,0,0,0.0,0,0,0,0.0,0.0,0
Wilkes,13317,2020-03-23,20,0,0,0,0,0.0,0,0,0,0.0,0.0,0
Wilkes,13317,2020-03-24,21,0,0,0,0,0.0,0,0,0,0.0,0.0,0
Wilkes,13317,2020-03-25,22,1,0,0,0,0.0,1,0,0,0.0,0.0,0
Wilkes,13317,2020-03-26,23,1,0,0,0,0.0,0,0,0,0.0,0.0,0
Wilkes,13317,2020-03-27,24,1,0,0,0,0.0,0,0,0,0.0,0.0,0
Wilkes,13317,2020-03-28,25,1,0,0,0,0.0,0,0,0,0.0,0.0,0
Wilkinson,13319,2020-03-22,19,0,0,0,0,0.0,0,0,0,0.0,0.0,0
Wilkinson,13319,2020-03-23,20,0,0,0,0,0.0,0,0,0,0.0,0.0,0
Wilkinson,13319,2020-03-24,21,0,0,0,0,0.0,0,0,0,0.0,0.0,0
Wilkinson,13319,2020-03-25,22,0,0,0,0,0.0,0,0,0,0.0,0.0,0
Wilkinson,13319,2020-03-26,23,0,0,0,0,0.0,0,0,0,0.0,0.0,0
Wilkinson,13319,2020-03-27,24,0,0,0,0,0.0,0,0,0,0.0,0.0,0
Wilkinson,13319,2020-03-28,25,0,0,0,0,0.0,0,0,0,0.0,0.0,0
Worth,13321,2020-03-22,19,2,0,0,0,0.0,0,0,0,0.0,0.0,0
Worth,13321,2020-03-23,20,3,0,0,0,0.0,1,0,0,50.0,0.0,0
Worth,13321,2020-03-24,21,4,0,0,0,0.0,1,0,0,33.33,0.0,0
Worth,13321,2020-03-25,22,4,0,0,0,0.0,0,0,0,0.0,0.0,0
Worth,13321,2020-03-26,23,5,0,0,0,0.0,1,0,0,25.0,0.0,0
Worth,13321,2020-03-27,24,7,0,0,0,0.0,2,0,0,40.0,0.0,0
Worth,13321,2020-03-28,25,8,1,0,0,12.5,1,1,0,14.29,0.0,0
